"id","fqdn/ip","port","severity","finding","cve","cwe"
"engine_problem","/","443","WARN","No engine or GOST support via engine with your /usr/bin/openssl","",""
"service","hacksclusive.com/199.60.103.116","443","INFO","HTTP","",""
"pre_128cipher","hacksclusive.com/199.60.103.116","443","INFO","No 128 cipher limit bug","",""
"SSLv2","hacksclusive.com/199.60.103.116","443","OK","not offered","",""
"SSLv3","hacksclusive.com/199.60.103.116","443","OK","not offered","",""
"TLS1","hacksclusive.com/199.60.103.116","443","INFO","not offered","",""
"TLS1_1","hacksclusive.com/199.60.103.116","443","INFO","not offered","",""
"TLS1_2","hacksclusive.com/199.60.103.116","443","OK","offered","",""
"TLS1_3","hacksclusive.com/199.60.103.116","443","OK","offered with final","",""
"NPN","hacksclusive.com/199.60.103.116","443","INFO","offered with h2, http/1.1 (advertised)","",""
"ALPN_HTTP2","hacksclusive.com/199.60.103.116","443","OK","h2","",""
"ALPN","hacksclusive.com/199.60.103.116","443","INFO","http/1.1","",""
"cipherlist_NULL","hacksclusive.com/199.60.103.116","443","OK","not offered","","CWE-327"
"cipherlist_aNULL","hacksclusive.com/199.60.103.116","443","OK","not offered","","CWE-327"
"cipherlist_EXPORT","hacksclusive.com/199.60.103.116","443","OK","not offered","","CWE-327"
"cipherlist_LOW","hacksclusive.com/199.60.103.116","443","OK","not offered","","CWE-327"
"cipherlist_3DES_IDEA","hacksclusive.com/199.60.103.116","443","INFO","not offered","","CWE-310"
"cipherlist_OBSOLETED","hacksclusive.com/199.60.103.116","443","LOW","offered","","CWE-310"
"cipherlist_STRONG_NOFS","hacksclusive.com/199.60.103.116","443","OK","offered","",""
"cipherlist_STRONG_FS","hacksclusive.com/199.60.103.116","443","OK","offered","",""
"cipher_order-tls1_2","hacksclusive.com/199.60.103.116","443","OK","server -- server prioritizes ChaCha ciphers when preferred by clients","",""
"cipher-tls1_2_xc02b","hacksclusive.com/199.60.103.116","443","OK","TLSv1.2   xc02b   ECDHE-ECDSA-AES128-GCM-SHA256     ECDH 253   AESGCM      128      TLS_ECDHE_ECDSA_WITH_AES_128_GCM_SHA256","",""
"cipher-tls1_2_xcca9","hacksclusive.com/199.60.103.116","443","OK","TLSv1.2   xcca9   ECDHE-ECDSA-CHACHA20-POLY1305     ECDH 253   ChaCha20    256      TLS_ECDHE_ECDSA_WITH_CHACHA20_POLY1305_SHA256","",""
"cipher-tls1_2_xc009","hacksclusive.com/199.60.103.116","443","LOW","TLSv1.2   xc009   ECDHE-ECDSA-AES128-SHA            ECDH 253   AES         128      TLS_ECDHE_ECDSA_WITH_AES_128_CBC_SHA","",""
"cipher-tls1_2_xc02c","hacksclusive.com/199.60.103.116","443","OK","TLSv1.2   xc02c   ECDHE-ECDSA-AES256-GCM-SHA384     ECDH 253   AESGCM      256      TLS_ECDHE_ECDSA_WITH_AES_256_GCM_SHA384","",""
"cipher-tls1_2_xc00a","hacksclusive.com/199.60.103.116","443","LOW","TLSv1.2   xc00a   ECDHE-ECDSA-AES256-SHA            ECDH 253   AES         256      TLS_ECDHE_ECDSA_WITH_AES_256_CBC_SHA","",""
"cipher-tls1_2_xc023","hacksclusive.com/199.60.103.116","443","LOW","TLSv1.2   xc023   ECDHE-ECDSA-AES128-SHA256         ECDH 253   AES         128      TLS_ECDHE_ECDSA_WITH_AES_128_CBC_SHA256","",""
"cipher-tls1_2_xc024","hacksclusive.com/199.60.103.116","443","LOW","TLSv1.2   xc024   ECDHE-ECDSA-AES256-SHA384         ECDH 253   AES         256      TLS_ECDHE_ECDSA_WITH_AES_256_CBC_SHA384","",""
"cipher-tls1_2_xc02f","hacksclusive.com/199.60.103.116","443","OK","TLSv1.2   xc02f   ECDHE-RSA-AES128-GCM-SHA256       ECDH 253   AESGCM      128      TLS_ECDHE_RSA_WITH_AES_128_GCM_SHA256","",""
"cipher-tls1_2_xcca8","hacksclusive.com/199.60.103.116","443","OK","TLSv1.2   xcca8   ECDHE-RSA-CHACHA20-POLY1305       ECDH 253   ChaCha20    256      TLS_ECDHE_RSA_WITH_CHACHA20_POLY1305_SHA256","",""
"cipher-tls1_2_xc013","hacksclusive.com/199.60.103.116","443","LOW","TLSv1.2   xc013   ECDHE-RSA-AES128-SHA              ECDH 253   AES         128      TLS_ECDHE_RSA_WITH_AES_128_CBC_SHA","",""
"cipher-tls1_2_x9c","hacksclusive.com/199.60.103.116","443","OK","TLSv1.2   x9c     AES128-GCM-SHA256                 RSA        AESGCM      128      TLS_RSA_WITH_AES_128_GCM_SHA256","",""
"cipher-tls1_2_x2f","hacksclusive.com/199.60.103.116","443","LOW","TLSv1.2   x2f     AES128-SHA                        RSA        AES         128      TLS_RSA_WITH_AES_128_CBC_SHA","",""
"cipher-tls1_2_xc030","hacksclusive.com/199.60.103.116","443","OK","TLSv1.2   xc030   ECDHE-RSA-AES256-GCM-SHA384       ECDH 253   AESGCM      256      TLS_ECDHE_RSA_WITH_AES_256_GCM_SHA384","",""
"cipher-tls1_2_xc014","hacksclusive.com/199.60.103.116","443","LOW","TLSv1.2   xc014   ECDHE-RSA-AES256-SHA              ECDH 253   AES         256      TLS_ECDHE_RSA_WITH_AES_256_CBC_SHA","",""
"cipher-tls1_2_x9d","hacksclusive.com/199.60.103.116","443","OK","TLSv1.2   x9d     AES256-GCM-SHA384                 RSA        AESGCM      256      TLS_RSA_WITH_AES_256_GCM_SHA384","",""
"cipher-tls1_2_x35","hacksclusive.com/199.60.103.116","443","LOW","TLSv1.2   x35     AES256-SHA                        RSA        AES         256      TLS_RSA_WITH_AES_256_CBC_SHA","",""
"cipher-tls1_2_xc027","hacksclusive.com/199.60.103.116","443","LOW","TLSv1.2   xc027   ECDHE-RSA-AES128-SHA256           ECDH 253   AES         128      TLS_ECDHE_RSA_WITH_AES_128_CBC_SHA256","",""
"cipher-tls1_2_x3c","hacksclusive.com/199.60.103.116","443","LOW","TLSv1.2   x3c     AES128-SHA256                     RSA        AES         128      TLS_RSA_WITH_AES_128_CBC_SHA256","",""
"cipher-tls1_2_xc028","hacksclusive.com/199.60.103.116","443","LOW","TLSv1.2   xc028   ECDHE-RSA-AES256-SHA384           ECDH 253   AES         256      TLS_ECDHE_RSA_WITH_AES_256_CBC_SHA384","",""
"cipher-tls1_2_x3d","hacksclusive.com/199.60.103.116","443","LOW","TLSv1.2   x3d     AES256-SHA256                     RSA        AES         256      TLS_RSA_WITH_AES_256_CBC_SHA256","",""
"cipherorder_TLSv1_2","hacksclusive.com/199.60.103.116","443","INFO","ECDHE-ECDSA-AES128-GCM-SHA256 ECDHE-ECDSA-CHACHA20-POLY1305 ECDHE-ECDSA-AES128-SHA ECDHE-ECDSA-AES256-GCM-SHA384 ECDHE-ECDSA-AES256-SHA ECDHE-ECDSA-AES128-SHA256 ECDHE-ECDSA-AES256-SHA384 ECDHE-RSA-AES128-GCM-SHA256 ECDHE-RSA-CHACHA20-POLY1305 ECDHE-RSA-AES128-SHA AES128-GCM-SHA256 AES128-SHA ECDHE-RSA-AES256-GCM-SHA384 ECDHE-RSA-AES256-SHA AES256-GCM-SHA384 AES256-SHA ECDHE-RSA-AES128-SHA256 AES128-SHA256 ECDHE-RSA-AES256-SHA384 AES256-SHA256","",""
"prioritize_chacha_TLSv1_2","hacksclusive.com/199.60.103.116","443","INFO","true","",""
"cipher_order-tls1_3","hacksclusive.com/199.60.103.116","443","INFO","NOT a cipher order configured","",""
"cipher-tls1_3_x1302","hacksclusive.com/199.60.103.116","443","OK","TLSv1.3   x1302   TLS_AES_256_GCM_SHA384            ECDH 253   AESGCM      256      TLS_AES_256_GCM_SHA384                              available","",""
"cipher-tls1_3_x1303","hacksclusive.com/199.60.103.116","443","OK","TLSv1.3   x1303   TLS_CHACHA20_POLY1305_SHA256      ECDH 253   ChaCha20    256      TLS_CHACHA20_POLY1305_SHA256                        available","",""
"cipher-tls1_3_x1301","hacksclusive.com/199.60.103.116","443","OK","TLSv1.3   x1301   TLS_AES_128_GCM_SHA256            ECDH 253   AESGCM      128      TLS_AES_128_GCM_SHA256                              available","",""
"cipher-tls1_3_x1304","hacksclusive.com/199.60.103.116","443","OK","TLSv1.3   x1304   TLS_AES_128_CCM_SHA256            any        AESCCM      128      TLS_AES_128_CCM_SHA256                              not a/v","",""
"cipher-tls1_3_x1305","hacksclusive.com/199.60.103.116","443","OK","TLSv1.3   x1305   TLS_AES_128_CCM_8_SHA256          any        AESCCM8     128      TLS_AES_128_CCM_8_SHA256                            not a/v","",""
"cipher-tls1_3_xc0b4","hacksclusive.com/199.60.103.116","443","CRITICAL","TLSv1.3   xc0b4   TLS_SHA256_SHA256                 any        None        None     TLS_SHA256_SHA256                                   not a/v","",""
"cipher-tls1_3_xc0b5","hacksclusive.com/199.60.103.116","443","CRITICAL","TLSv1.3   xc0b5   TLS_SHA384_SHA384                 any        None        None     TLS_SHA384_SHA384                                   not a/v","",""
"supportedciphers_TLSv1_3","hacksclusive.com/199.60.103.116","443","INFO","TLS_AES_256_GCM_SHA384 TLS_CHACHA20_POLY1305_SHA256 TLS_AES_128_GCM_SHA256","",""
"cipher_order","hacksclusive.com/199.60.103.116","443","OK","server -- TLS 1.3 client determined","",""
"FS","hacksclusive.com/199.60.103.116","443","OK","offered","",""
"FS_ciphers","hacksclusive.com/199.60.103.116","443","INFO","TLS_AES_256_GCM_SHA384 TLS_CHACHA20_POLY1305_SHA256 ECDHE-RSA-AES256-GCM-SHA384 ECDHE-ECDSA-AES256-GCM-SHA384 ECDHE-RSA-AES256-SHA384 ECDHE-ECDSA-AES256-SHA384 ECDHE-RSA-AES256-SHA ECDHE-ECDSA-AES256-SHA ECDHE-ECDSA-CHACHA20-POLY1305 ECDHE-RSA-CHACHA20-POLY1305 TLS_AES_128_GCM_SHA256 ECDHE-RSA-AES128-GCM-SHA256 ECDHE-ECDSA-AES128-GCM-SHA256 ECDHE-RSA-AES128-SHA256 ECDHE-ECDSA-AES128-SHA256 ECDHE-RSA-AES128-SHA ECDHE-ECDSA-AES128-SHA","",""
"FS_KEMs","hacksclusive.com/199.60.103.116","443","OK","X25519MLKEM768 X25519Kyber768Draft00","",""
"FS_ECDHE_curves","hacksclusive.com/199.60.103.116","443","OK","prime256v1 secp384r1 secp521r1 X25519","",""
"FS_TLS12_sig_algs","hacksclusive.com/199.60.103.116","443","INFO","RSA-PSS-RSAE+SHA256 RSA+SHA256 RSA-PSS-RSAE+SHA384 ECDSA+SHA256 ECDSA+SHA384 ECDSA+SHA512","",""
"FS_TLS13_sig_algs","hacksclusive.com/199.60.103.116","443","INFO","ECDSA+SHA256","",""
"TLS_extensions","hacksclusive.com/199.60.103.116","443","INFO","'server name/#0' 'renegotiation info/#65281' 'EC point formats/#11' 'session ticket/#35' 'status request/#5' 'next protocol/#13172' 'key share/#51' 'supported versions/#43' 'extended master secret/#23' 'application layer protocol negotiation/#16' 'compress_certificate/#27'","",""
"TLS_session_ticket","hacksclusive.com/199.60.103.116","443","INFO","valid for 64800 seconds only (<daily)","",""
"SSL_sessionID_support","hacksclusive.com/199.60.103.116","443","INFO","yes","",""
"sessionresumption_ticket","hacksclusive.com/199.60.103.116","443","INFO","supported","",""
"sessionresumption_ID","hacksclusive.com/199.60.103.116","443","INFO","not supported","",""
"TLS_timestamp","hacksclusive.com/199.60.103.116","443","INFO","random","",""
"certificate_compression","hacksclusive.com/199.60.103.116","443","INFO","0002/Brotli","",""
"clientAuth","hacksclusive.com/199.60.103.116","443","INFO","none","",""
"cert_numbers","hacksclusive.com/199.60.103.116","443","INFO","2","",""
"cert_signatureAlgorithm <hostCert#1>","hacksclusive.com/199.60.103.116","443","OK","SHA256 with RSA","",""
"cert_keySize <hostCert#1>","hacksclusive.com/199.60.103.116","443","INFO","RSA 2048 bits (exponent is 65537)","",""
"cert_keyUsage <hostCert#1>","hacksclusive.com/199.60.103.116","443","INFO","Digital Signature, Key Encipherment","",""
"cert_extKeyUsage <hostCert#1>","hacksclusive.com/199.60.103.116","443","INFO","TLS Web Server Authentication","",""
"cert_serialNumber <hostCert#1>","hacksclusive.com/199.60.103.116","443","INFO","9D4821DBE57392BA0DB3625C8EC6E0AF","",""
"cert_serialNumberLen <hostCert#1>","hacksclusive.com/199.60.103.116","443","INFO","16","",""
"cert_fingerprintSHA1 <hostCert#1>","hacksclusive.com/199.60.103.116","443","INFO","F1DACD9F0A84CC58FC5F34CDD0B0459DC6BF8A7D","",""
"cert_fingerprintSHA256 <hostCert#1>","hacksclusive.com/199.60.103.116","443","INFO","C2B4442CA02A0AB3982E9D7E38EA57EED8CA68924BF9A3F3653C4B5AD3572915","",""
"cert <hostCert#1>","hacksclusive.com/199.60.103.116","443","INFO","-----BEGIN CERTIFICATE-----\nMIIFLDCCBBSgAwIBAgIRAJ1IIdvlc5K6DbNiXI7G4K8wDQYJKoZIhvcNAQELBQAwOzELMAkGA1UEBhMCVVMxHjAcBgNVBAoTFUdvb2dsZSBUcnVzdCBTZXJ2aWNlczEMMAoGA1UEAxMDV1IxMB4XDTI1MDMwNTA5MDIzOVoXDTI1MDYwMzEwMDExNlowGzEZMBcGA1UEAxMQaGFja3NjbHVzaXZlLmNvbTCCASIwDQYJKoZIhvcNAQEBBQADggEPADCCAQoCggEBALWZfzfjeCBOVFjpuPlkBbbz/sGvFF6MT0nhEq+Qqs5ykBso5o0O40FjMiHJ1vPqDUeeKHvGoNNKK79g99HusssHJ26dg9j7dZ3tehMmzVnkIbzBhbyDcV5SbISgRUj0RoTzip38lsicg8LG4TMOLJM6S3ga7fcoOAeYFscLGE6d/7/p4rb9fS2r72A/NBaiwtnTeStsMmnQorntZUN8HnxPPzsKhLD2rFOE7Pj4Mf1qNpJP/Z/6lO8jJYT7yDuaNK4JLGvFGI+0ji+MB5dKCRkZAG5UzNHbN/qLUlOMk2QAO/3ZXJqBKm552HqcFdah+evGgUvsqW/pbeZok8OLrbUCAwEAAaOCAkkwggJFMA4GA1UdDwEB/wQEAwIFoDATBgNVHSUEDDAKBggrBgEFBQcDATAMBgNVHRMBAf8EAjAAMB0GA1UdDgQWBBQlmG+ZPFSVSj//sZ54YQ4fRYHAwDAfBgNVHSMEGDAWgBRmaUnU3iqckQPPiQ4kuA4wA26ILjBeBggrBgEFBQcBAQRSMFAwJwYIKwYBBQUHMAGGG2h0dHA6Ly9vLnBraS5nb29nL3Mvd3IxL25VZzAlBggrBgEFBQcwAoYZaHR0cDovL2kucGtpLmdvb2cvd3IxLmNydDAbBgNVHREEFDASghBoYWNrc2NsdXNpdmUuY29tMBMGA1UdIAQMMAowCAYGZ4EMAQIBMDYGA1UdHwQvMC0wK6ApoCeGJWh0dHA6Ly9jLnBraS5nb29nL3dyMS9VQVRWRmpMOWtBYy5jcmwwggEEBgorBgEEAdZ5AgQCBIH1BIHyAPAAdgDPEVbu1S58r/OHW9lpLpvpGnFnSrAX7KwB0lt3zsw7CAAAAZVlweLFAAAEAwBHMEUCIE52mVlQWufZk7cEbI2fHAfZR4hnjjUmJiTHyML9Ro9wAiEAxyzqfudq390P9gA5WM1pqHigoNOvJ87wOhOTmVrt1ucAdgB9WR4S4XgqexxhZ3xe/fjQh1wUoE6VnrkDL9kOjC55uAAAAZVlweK4AAAEAwBHMEUCIGkARbC+sxeAoWg3WA5zIYXB4p2DEmvFPAol6rDF7MH3AiEAhbSnl1I0zGrkVd8jNxfmX5YD+glAlOXVHhF6gA6sgN8wDQYJKoZIhvcNAQELBQADggEBAMUL4rJcA9+y3fvTCUkdx0AY2sYPakkWydeP1wu2KXSBzPWrwV8TXueTl2jHVmjw6/S+XecLuxUNs2EA+PqJzKmT9kTkOp6cyf54wVqD69nhuRRtNol4rVwroVU+XJM8xy/TONflkhoYfUa9VihhowL45Ep/WRgzUMX9UupA0/WiUf8feat8c6MEVHIwUZs8CLza1O136QQAdd0xVXaw+aQf3s13CQAX+55/Yb6WwLln9MxwVULKGCl+hGn2glkhGD02cfSbbqROxzdlsweONF/Enx5vnvxTBvmi5cPGHYYYiZS4SBeleuZMDqxwbDAV5Qth9tIYwC1SC7OTLvUQuEI=\n-----END CERTIFICATE-----","",""
"cert_commonName <hostCert#1>","hacksclusive.com/199.60.103.116","443","OK","hacksclusive.com","",""
"cert_commonName_wo_SNI <hostCert#1>","hacksclusive.com/199.60.103.116","443","INFO","request w/o SNI didn't succeed","",""
"cert_subjectAltName <hostCert#1>","hacksclusive.com/199.60.103.116","443","INFO","hacksclusive.com","",""
"cert_trust <hostCert#1>","hacksclusive.com/199.60.103.116","443","OK","Ok via SAN and CN (SNI mandatory)","",""
"cert_chain_of_trust <hostCert#1>","hacksclusive.com/199.60.103.116","443","OK","passed.","",""
"cert_certificatePolicies_EV <hostCert#1>","hacksclusive.com/199.60.103.116","443","INFO","no","",""
"cert_expirationStatus <hostCert#1>","hacksclusive.com/199.60.103.116","443","OK","62 >= 60 days","",""
"cert_notBefore <hostCert#1>","hacksclusive.com/199.60.103.116","443","INFO","2025-03-05 09:02","",""
"cert_notAfter <hostCert#1>","hacksclusive.com/199.60.103.116","443","OK","2025-06-03 10:01","",""
"cert_extlifeSpan <hostCert#1>","hacksclusive.com/199.60.103.116","443","OK","certificate has no extended life time according to browser forum","",""
"cert_eTLS <hostCert#1>","hacksclusive.com/199.60.103.116","443","INFO","not present","",""
"cert_crlDistributionPoints <hostCert#1>","hacksclusive.com/199.60.103.116","443","INFO","http://c.pki.goog/wr1/UATVFjL9kAc.crl","",""
"cert_ocspURL <hostCert#1>","hacksclusive.com/199.60.103.116","443","INFO","http://o.pki.goog/s/wr1/nUg","",""
"OCSP_stapling <hostCert#1>","hacksclusive.com/199.60.103.116","443","OK","offered","",""
"cert_ocspRevoked <hostCert#1>","hacksclusive.com/199.60.103.116","443","OK","not revoked","",""
"cert_mustStapleExtension <hostCert#1>","hacksclusive.com/199.60.103.116","443","INFO","--","",""
"DNS_CAArecord <hostCert#1>","hacksclusive.com/199.60.103.116","443","LOW","--","",""
"certificate_transparency <hostCert#1>","hacksclusive.com/199.60.103.116","443","OK","yes (certificate extension)","",""
"certs_countServer <hostCert#1>","hacksclusive.com/199.60.103.116","443","INFO","3","",""
"certs_list_ordering_problem <hostCert#1>","hacksclusive.com/199.60.103.116","443","INFO","no","",""
"cert_caIssuers <hostCert#1>","hacksclusive.com/199.60.103.116","443","INFO","WR1 (Google Trust Services from US)","",""
"intermediate_cert <#1> <hostCert#1>","hacksclusive.com/199.60.103.116","443","INFO","-----BEGIN CERTIFICATE-----\nMIIFCzCCAvOgAwIBAgIQf9niwtIEigR0tieibQhopzANBgkqhkiG9w0BAQsFADBHMQswCQYDVQQGEwJVUzEiMCAGA1UEChMZR29vZ2xlIFRydXN0IFNlcnZpY2VzIExMQzEUMBIGA1UEAxMLR1RTIFJvb3QgUjEwHhcNMjMxMjEzMDkwMDAwWhcNMjkwMjIwMTQwMDAwWjA7MQswCQYDVQQGEwJVUzEeMBwGA1UEChMVR29vZ2xlIFRydXN0IFNlcnZpY2VzMQwwCgYDVQQDEwNXUjEwggEiMA0GCSqGSIb3DQEBAQUAA4IBDwAwggEKAoIBAQDPbjYWircr7kaYAx1TcA937qNLoHK+jyMtwkfGj1yN+T3mGo7uMyINyRFIuLBizvRpDXICfd7VJg/DbpvPfg7XIM/GkDujggbaOp3/bFa/3OlhlEXkabxPD8kTwK1hRHIggdAPK55oamJqj4oiV3lpK+IkM352YyxdvFFpfiMHsf92gfHuuFi1azUV76HmSCg5lzHZBx+Vp56uz5i8no2KA+Gwl01Qb5NMSh/4233xkJkVf+OW7e4xgepyPVId3yVkpQtwqp7oqLlHyKdaECVgb0Lh1z/njwzwwoNGMyDmS3cEdqFop10VGO/YKHc1rQ6tRuRibuKq+MzvN34PJrMHAgMBAAGjgf4wgfswDgYDVR0PAQH/BAQDAgGGMB0GA1UdJQQWMBQGCCsGAQUFBwMBBggrBgEFBQcDAjASBgNVHRMBAf8ECDAGAQH/AgEAMB0GA1UdDgQWBBRmaUnU3iqckQPPiQ4kuA4wA26ILjAfBgNVHSMEGDAWgBTkrysmcRorSCeFL1JmLO/wiRNxPjA0BggrBgEFBQcBAQQoMCYwJAYIKwYBBQUHMAKGGGh0dHA6Ly9pLnBraS5nb29nL3IxLmNydDArBgNVHR8EJDAiMCCgHqAchhpodHRwOi8vYy5wa2kuZ29vZy9yL3IxLmNybDATBgNVHSAEDDAKMAgGBmeBDAECATANBgkqhkiG9w0BAQsFAAOCAgEATuazCBEgkWAn+VGQTQIY7rjBidUihJfm1t/mTjo7KQR+3iDx4o2L06oeF0Q3wpKYpQgI/TeMqUlYMWQmZbWPE0PX8pfsVAE5E5tVOjh34bNAJwDPVnsZVJwzN3nw5BGQ7sxRspFzIcM/qbbTpNeXf9II4Wsk2+Tv6FSVFZUL3/0uHradbruDWjRQ4IZ7mYqKiEqk08dpOZ+TmBzwykEGy1/IXberb6Ap1SSnn2+RI7t6N/fqPCrwwFjp8kg1G6etRATGBaPYCx+GjJMFPX+k97Alvoj3/98SvqdegLPYEPjvxUclHpiKLD63NMmVarVQddIL6kOvTe5k0pnxRnR+mndGHIQc77TLbcZFeja56PynlSqmer578c7CBrPqo1BVmPyWUK+v6sGuzs7Mq7QQaxVs4710cI/MpPp1ovxMVt17ENKxLk34LpEKAKVmqwnzbHHRjhXNeCC984XDOwLEp0K4MzHl8ZOWJQAakCdVlFC+PyA3GP2JX/QLoqWNHGuN9c9vLObDhHVs/L+65De+OdnnjpFGI9xxtsNyRsyaHdFAf5z7ulOoXDXkHCCej/Ehs5docReNt16W2xbH/EBuirJrOzFE2rtALxksl1TdEjOfIKXOJfUqQeVI5+hA7V+n1+A/n7Npg0S+5ODytWh5XW54ccN1drJnMK54ttozh0c=\n-----END CERTIFICATE-----","",""
"intermediate_cert_fingerprintSHA256 <#1> <hostCert#1>","hacksclusive.com/199.60.103.116","443","INFO","B10B6F00E609509E8700F6D34687A2BFCE38EA05A8FDF1CDC40C3A2A0D0D0E45","",""
"intermediate_cert_notBefore <#1> <hostCert#1>","hacksclusive.com/199.60.103.116","443","INFO","2023-12-13 09:00","",""
"intermediate_cert_notAfter <#1> <hostCert#1>","hacksclusive.com/199.60.103.116","443","OK","2029-02-20 14:00","",""
"intermediate_cert_expiration <#1> <hostCert#1>","hacksclusive.com/199.60.103.116","443","OK","ok > 40 days","",""
"intermediate_cert_chain <#1> <hostCert#1>","hacksclusive.com/199.60.103.116","443","INFO","WR1 <-- GTS Root R1","",""
"intermediate_cert <#2> <hostCert#1>","hacksclusive.com/199.60.103.116","443","INFO","-----BEGIN CERTIFICATE-----\nMIIFYjCCBEqgAwIBAgIQd70NbNs2+RrqIQ/E8FjTDTANBgkqhkiG9w0BAQsFADBXMQswCQYDVQQGEwJCRTEZMBcGA1UEChMQR2xvYmFsU2lnbiBudi1zYTEQMA4GA1UECxMHUm9vdCBDQTEbMBkGA1UEAxMSR2xvYmFsU2lnbiBSb290IENBMB4XDTIwMDYxOTAwMDA0MloXDTI4MDEyODAwMDA0MlowRzELMAkGA1UEBhMCVVMxIjAgBgNVBAoTGUdvb2dsZSBUcnVzdCBTZXJ2aWNlcyBMTEMxFDASBgNVBAMTC0dUUyBSb290IFIxMIICIjANBgkqhkiG9w0BAQEFAAOCAg8AMIICCgKCAgEAthECix7joXebO9y/lD63ladAPKH9gvl9MgaCcfb2jH/76Nu8ai6Xl6OMS/kr9rH5zoQdsfnFl97vufKj6bwSiV6nqlKr+CMny6SxnGPb15l+8Ape62im9MZaRw1NEDPjTrETo8gYbEvs/AmQ351kKSUjB6G00j0uYODP0gmHu81I8E3CwnqIiru6z1kZ1q+PsAewnjHxgsHA3y6mbWwZDrXYfiYaRQM9sHmklCitD38m5agI/pboPGiUU+6DOogrFZYJsuB6jC511pzrp1Zkj5ZPaK49l8KEj8C8QMALXL32h7M1bKwYUH+E4EzNktMg6TO8UpmvMrUpsyUqtEj5cuHKZPfmghCN6J3Cioj6OGaK/GP5Afl4/Xtcd/p2h/rs37EOeZVXtL0m79YB0esWCruOC7XFxYpVq9Os6pFLKcwZpDIlTirxZUTQAs6qzkm06p98g7BAe+dDq6dso499iYH6TKX/1Y7DzkvgtdizjkXPdsDtQCv9Uw+wp9U7DbGKogPeMa3Md+pvez7W35EiEua++tgy/BBjFFFy3l3WFpO9KWgz7zpm7AeKJt8T11dleCfeXkkUAKIAf5qoIbapsZWwpbkNFhHax2xIPEDgfg1azVY80ZcFuctL7TlLnMQ/0lUTbiSw1nH69MG6zO0b9f6BQdgAmD06yK56mDcYBZUCAwEAAaOCATgwggE0MA4GA1UdDwEB/wQEAwIBhjAPBgNVHRMBAf8EBTADAQH/MB0GA1UdDgQWBBTkrysmcRorSCeFL1JmLO/wiRNxPjAfBgNVHSMEGDAWgBRge2YaRQ2XyolQL30EzTSo//z9SzBgBggrBgEFBQcBAQRUMFIwJQYIKwYBBQUHMAGGGWh0dHA6Ly9vY3NwLnBraS5nb29nL2dzcjEwKQYIKwYBBQUHMAKGHWh0dHA6Ly9wa2kuZ29vZy9nc3IxL2dzcjEuY3J0MDIGA1UdHwQrMCkwJ6AloCOGIWh0dHA6Ly9jcmwucGtpLmdvb2cvZ3NyMS9nc3IxLmNybDA7BgNVHSAENDAyMAgGBmeBDAECATAIBgZngQwBAgIwDQYLKwYBBAHWeQIFAwIwDQYLKwYBBAHWeQIFAwMwDQYJKoZIhvcNAQELBQADggEBADSkHrEoo9C0dhemMXoh6dFSPsjbdBZBiLg9NR3t5P+T4Vxfq7vqfM/b5A3Ri1fyJm9bvhdGaJQ3b2t6yMAYN/olUazsaL+yyEn9WprKASOshIArAoyZl+tJaox118fessmXn1hIVw41oeQa1v1vg4Fv74zPl6/AhSrw9U5pCZEt4Wi4wStz6dTZ/CLANx8LZh1J7QJVj2fhMtfTJr9w4z30Z209fOU0iOMy+qduBmpvvYuR7hZL6Dupszfnw0Skfths18dG9ZKb59UhvmaSGZRVbNQpsg3BZlvid0lIKO2d1xozclOzgjXPYovJJIultzkMu34qQb9Sz/yilrbCgj8=\n-----END CERTIFICATE-----","",""
"intermediate_cert_fingerprintSHA256 <#2> <hostCert#1>","hacksclusive.com/199.60.103.116","443","INFO","3EE0278DF71FA3C125C4CD487F01D774694E6FC57E0CD94C24EFD769133918E5","",""
"intermediate_cert_notBefore <#2> <hostCert#1>","hacksclusive.com/199.60.103.116","443","INFO","2020-06-19 00:00","",""
"intermediate_cert_notAfter <#2> <hostCert#1>","hacksclusive.com/199.60.103.116","443","OK","2028-01-28 00:00","",""
"intermediate_cert_expiration <#2> <hostCert#1>","hacksclusive.com/199.60.103.116","443","OK","ok > 40 days","",""
"intermediate_cert_chain <#2> <hostCert#1>","hacksclusive.com/199.60.103.116","443","INFO","GTS Root R1 <-- GlobalSign Root CA","",""
"intermediate_cert_badOCSP <hostCert#1>","hacksclusive.com/199.60.103.116","443","OK","intermediate certificate(s) is/are ok","",""
"cert_signatureAlgorithm <hostCert#2>","hacksclusive.com/199.60.103.116","443","OK","ECDSA with SHA256","",""
"cert_keySize <hostCert#2>","hacksclusive.com/199.60.103.116","443","OK","EC 256 bits (curve P-256)","",""
"cert_keyUsage <hostCert#2>","hacksclusive.com/199.60.103.116","443","INFO","Digital Signature","",""
"cert_extKeyUsage <hostCert#2>","hacksclusive.com/199.60.103.116","443","INFO","TLS Web Server Authentication","",""
"cert_serialNumber <hostCert#2>","hacksclusive.com/199.60.103.116","443","INFO","BE03262893384E51134DB22C0FF17768","",""
"cert_serialNumberLen <hostCert#2>","hacksclusive.com/199.60.103.116","443","INFO","16","",""
"cert_fingerprintSHA1 <hostCert#2>","hacksclusive.com/199.60.103.116","443","INFO","6C3E187B53A9FAFB79361D6D319E40EB7FBCDDDB","",""
"cert_fingerprintSHA256 <hostCert#2>","hacksclusive.com/199.60.103.116","443","INFO","4BEFFF2D595247268374D1A5E67F20A6F46A4292E0E76CBD02F59276A1EB95A1","",""
"cert <hostCert#2>","hacksclusive.com/199.60.103.116","443","INFO","-----BEGIN CERTIFICATE-----\nMIIDnzCCA0SgAwIBAgIRAL4DJiiTOE5RE02yLA/xd2gwCgYIKoZIzj0EAwIwOzELMAkGA1UEBhMCVVMxHjAcBgNVBAoTFUdvb2dsZSBUcnVzdCBTZXJ2aWNlczEMMAoGA1UEAxMDV0UxMB4XDTI1MDMwNTA5MDI0OFoXDTI1MDYwMzEwMDI0NVowGzEZMBcGA1UEAxMQaGFja3NjbHVzaXZlLmNvbTBZMBMGByqGSM49AgEGCCqGSM49AwEHA0IABK3L0GpsmgAvyoSu/N2lMVhDThjJ9Mv/odPigWflWLMCCnWgAYh1gffqgNyxe5J4ZPTUfkvFATaq3Zb9MpvsD9ejggJHMIICQzAOBgNVHQ8BAf8EBAMCB4AwEwYDVR0lBAwwCgYIKwYBBQUHAwEwDAYDVR0TAQH/BAIwADAdBgNVHQ4EFgQUDWaNCWWY3O36y7YUmKEZxDMc+wUwHwYDVR0jBBgwFoAUkHeSNWfE/6jMqeZ72YB5e8yT+TgwXgYIKwYBBQUHAQEEUjBQMCcGCCsGAQUFBzABhhtodHRwOi8vby5wa2kuZ29vZy9zL3dlMS92Z00wJQYIKwYBBQUHMAKGGWh0dHA6Ly9pLnBraS5nb29nL3dlMS5jcnQwGwYDVR0RBBQwEoIQaGFja3NjbHVzaXZlLmNvbTATBgNVHSAEDDAKMAgGBmeBDAECATA2BgNVHR8ELzAtMCugKaAnhiVodHRwOi8vYy5wa2kuZ29vZy93ZTEvcHllb1hsUVBGNEUuY3JsMIIBAgYKKwYBBAHWeQIEAgSB8wSB8ADuAHUAzxFW7tUufK/zh1vZaS6b6RpxZ0qwF+ysAdJbd87MOwgAAAGVZcIDRgAABAMARjBEAiBPIy6oz8J0sDiuISo+dn80sHltq1CaySm++lRWeVB5ewIgJ+OzAeDIAY7TszcnV5P1NDB+oynwC29Cvl5X7toihDcAdQCi4wrkRe+9rZt+OO1HZ3dT14JbhJTXK14bLMS5UKRH5wAAAZVlwgcHAAAEAwBGMEQCIFGgHKdfVMOFJoTTirHCH6EkNb/59Ggyy+8ayX6Q89uMAiADtJ92xIVq543DREj+yJ4ERUmggQPbm7Pw2s2OEkxh3jAKBggqhkjOPQQDAgNJADBGAiEAgrH+blcemDu0nLm7HsxJeUzd7EZFDvAt4ToTNZ6E6FcCIQC/4Cq8t0xROnDRnpYZ7QXvQcbbDfim6ZU23rOsc2T46Q==\n-----END CERTIFICATE-----","",""
"cert_commonName <hostCert#2>","hacksclusive.com/199.60.103.116","443","OK","hacksclusive.com","",""
"cert_commonName_wo_SNI <hostCert#2>","hacksclusive.com/199.60.103.116","443","INFO","request w/o SNI didn't succeed, usual for EC certificates","",""
"cert_subjectAltName <hostCert#2>","hacksclusive.com/199.60.103.116","443","INFO","hacksclusive.com","",""
"cert_trust <hostCert#2>","hacksclusive.com/199.60.103.116","443","OK","Ok via SAN and CN (SNI mandatory)","",""
"cert_chain_of_trust <hostCert#2>","hacksclusive.com/199.60.103.116","443","OK","passed.","",""
"cert_certificatePolicies_EV <hostCert#2>","hacksclusive.com/199.60.103.116","443","INFO","no","",""
"cert_expirationStatus <hostCert#2>","hacksclusive.com/199.60.103.116","443","OK","62 >= 60 days","",""
"cert_notBefore <hostCert#2>","hacksclusive.com/199.60.103.116","443","INFO","2025-03-05 09:02","",""
"cert_notAfter <hostCert#2>","hacksclusive.com/199.60.103.116","443","OK","2025-06-03 10:02","",""
"cert_extlifeSpan <hostCert#2>","hacksclusive.com/199.60.103.116","443","OK","certificate has no extended life time according to browser forum","",""
"cert_eTLS <hostCert#2>","hacksclusive.com/199.60.103.116","443","INFO","not present","",""
"cert_crlDistributionPoints <hostCert#2>","hacksclusive.com/199.60.103.116","443","INFO","http://c.pki.goog/we1/pyeoXlQPF4E.crl","",""
"cert_ocspURL <hostCert#2>","hacksclusive.com/199.60.103.116","443","INFO","http://o.pki.goog/s/we1/vgM","",""
"OCSP_stapling <hostCert#2>","hacksclusive.com/199.60.103.116","443","OK","offered","",""
"cert_ocspRevoked <hostCert#2>","hacksclusive.com/199.60.103.116","443","OK","not revoked","",""
"cert_mustStapleExtension <hostCert#2>","hacksclusive.com/199.60.103.116","443","INFO","--","",""
"DNS_CAArecord <hostCert#2>","hacksclusive.com/199.60.103.116","443","LOW","--","",""
"certificate_transparency <hostCert#2>","hacksclusive.com/199.60.103.116","443","OK","yes (certificate extension)","",""
"certs_countServer <hostCert#2>","hacksclusive.com/199.60.103.116","443","INFO","3","",""
"certs_list_ordering_problem <hostCert#2>","hacksclusive.com/199.60.103.116","443","INFO","no","",""
"cert_caIssuers <hostCert#2>","hacksclusive.com/199.60.103.116","443","INFO","WE1 (Google Trust Services from US)","",""
"intermediate_cert <#1> <hostCert#2>","hacksclusive.com/199.60.103.116","443","INFO","-----BEGIN CERTIFICATE-----\nMIICnzCCAiWgAwIBAgIQf/MZd5csIkp2FV0TttaF4zAKBggqhkjOPQQDAzBHMQswCQYDVQQGEwJVUzEiMCAGA1UEChMZR29vZ2xlIFRydXN0IFNlcnZpY2VzIExMQzEUMBIGA1UEAxMLR1RTIFJvb3QgUjQwHhcNMjMxMjEzMDkwMDAwWhcNMjkwMjIwMTQwMDAwWjA7MQswCQYDVQQGEwJVUzEeMBwGA1UEChMVR29vZ2xlIFRydXN0IFNlcnZpY2VzMQwwCgYDVQQDEwNXRTEwWTATBgcqhkjOPQIBBggqhkjOPQMBBwNCAARvzTr+Z1dHTCEDhUDCR127WEcPQMFcF4XGGTfn1XzthkubgdnXGhOlCgP4mMTG6J7/EFmPLCaY9eYmJbsPAvpWo4H+MIH7MA4GA1UdDwEB/wQEAwIBhjAdBgNVHSUEFjAUBggrBgEFBQcDAQYIKwYBBQUHAwIwEgYDVR0TAQH/BAgwBgEB/wIBADAdBgNVHQ4EFgQUkHeSNWfE/6jMqeZ72YB5e8yT+TgwHwYDVR0jBBgwFoAUgEzW63T/STaj1dj8tT7FavCUHYwwNAYIKwYBBQUHAQEEKDAmMCQGCCsGAQUFBzAChhhodHRwOi8vaS5wa2kuZ29vZy9yNC5jcnQwKwYDVR0fBCQwIjAgoB6gHIYaaHR0cDovL2MucGtpLmdvb2cvci9yNC5jcmwwEwYDVR0gBAwwCjAIBgZngQwBAgEwCgYIKoZIzj0EAwMDaAAwZQIxAOcCq1HW90OVznX+0RGU1cxAQXomvtgM8zItPZCuFQ8jSBJSjz5keROv9aYsAm5VsQIwJonMaAFi54mrfhfoFNZEfuNMSQ6/bIBiNLiyoX46FohQvKeIoJ99cx7sUkFN7uJW\n-----END CERTIFICATE-----","",""
"intermediate_cert_fingerprintSHA256 <#1> <hostCert#2>","hacksclusive.com/199.60.103.116","443","INFO","1DFC1605FBAD358D8BC844F76D15203FAC9CA5C1A79FD4857FFAF2864FBEBF96","",""
"intermediate_cert_notBefore <#1> <hostCert#2>","hacksclusive.com/199.60.103.116","443","INFO","2023-12-13 09:00","",""
"intermediate_cert_notAfter <#1> <hostCert#2>","hacksclusive.com/199.60.103.116","443","OK","2029-02-20 14:00","",""
"intermediate_cert_expiration <#1> <hostCert#2>","hacksclusive.com/199.60.103.116","443","OK","ok > 40 days","",""
"intermediate_cert_chain <#1> <hostCert#2>","hacksclusive.com/199.60.103.116","443","INFO","WE1 <-- GTS Root R4","",""
"intermediate_cert <#2> <hostCert#2>","hacksclusive.com/199.60.103.116","443","INFO","-----BEGIN CERTIFICATE-----\nMIIDejCCAmKgAwIBAgIQf+UwvzMTQ77dghYQST2KGzANBgkqhkiG9w0BAQsFADBXMQswCQYDVQQGEwJCRTEZMBcGA1UEChMQR2xvYmFsU2lnbiBudi1zYTEQMA4GA1UECxMHUm9vdCBDQTEbMBkGA1UEAxMSR2xvYmFsU2lnbiBSb290IENBMB4XDTIzMTExNTAzNDMyMVoXDTI4MDEyODAwMDA0MlowRzELMAkGA1UEBhMCVVMxIjAgBgNVBAoTGUdvb2dsZSBUcnVzdCBTZXJ2aWNlcyBMTEMxFDASBgNVBAMTC0dUUyBSb290IFI0MHYwEAYHKoZIzj0CAQYFK4EEACIDYgAE83Rzp2iLYK5DuDXFgTB7S0md+8FhzubeRr1r1WEYNa5A3XP3iZEwWus87oV8okB2O6nGuEfYKueSkWpz6bFyOZ8pn6KY019eWIZlD6GEZQbR3IvJx3PIjGov5cSr0R2Ko4H/MIH8MA4GA1UdDwEB/wQEAwIBhjAdBgNVHSUEFjAUBggrBgEFBQcDAQYIKwYBBQUHAwIwDwYDVR0TAQH/BAUwAwEB/zAdBgNVHQ4EFgQUgEzW63T/STaj1dj8tT7FavCUHYwwHwYDVR0jBBgwFoAUYHtmGkUNl8qJUC99BM00qP/8/UswNgYIKwYBBQUHAQEEKjAoMCYGCCsGAQUFBzAChhpodHRwOi8vaS5wa2kuZ29vZy9nc3IxLmNydDAtBgNVHR8EJjAkMCKgIKAehhxodHRwOi8vYy5wa2kuZ29vZy9yL2dzcjEuY3JsMBMGA1UdIAQMMAowCAYGZ4EMAQIBMA0GCSqGSIb3DQEBCwUAA4IBAQAYQrsPBtYDh5bjP2OBDwmkoWhIDDkic574y04tfzHpn+cJodI2D4SseesQ6bDrarZ7C30ddLibZatoKiws3UL9xnELz4ct92vID24FfVbiI1hY+SW6FoVHkNeWIP0GCbaM4C6uVdF5dTUsMVs/ZbzNnIdCp5Gxmx5ejvEau8otR/CskGN+hr/W5GvT1tMBjgWKZ1i4//emhA1JG1BbPzoLJQvyEotc03lXjTaCzv8mEbep8RqZ7a2CPsgRbuvTPBwcOMBBmuFeU88+FSBX6+7iP0il8b4Z0QFqIwwMHfs/L6K1vepuoxtGzi4CZ68zJpiq1UvSqTbFJjtbD4seiMHl\n-----END CERTIFICATE-----","",""
"intermediate_cert_fingerprintSHA256 <#2> <hostCert#2>","hacksclusive.com/199.60.103.116","443","INFO","76B27B80A58027DC3CF1DA68DAC17010ED93997D0B603E2FADBE85012493B5A7","",""
"intermediate_cert_notBefore <#2> <hostCert#2>","hacksclusive.com/199.60.103.116","443","INFO","2023-11-15 03:43","",""
"intermediate_cert_notAfter <#2> <hostCert#2>","hacksclusive.com/199.60.103.116","443","OK","2028-01-28 00:00","",""
"intermediate_cert_expiration <#2> <hostCert#2>","hacksclusive.com/199.60.103.116","443","OK","ok > 40 days","",""
"intermediate_cert_chain <#2> <hostCert#2>","hacksclusive.com/199.60.103.116","443","INFO","GTS Root R4 <-- GlobalSign Root CA","",""
"intermediate_cert_badOCSP <hostCert#2>","hacksclusive.com/199.60.103.116","443","OK","intermediate certificate(s) is/are ok","",""
"HTTP_status_code","hacksclusive.com/199.60.103.116","443","INFO","200 OK ('/')","",""
"HTTP_clock_skew","hacksclusive.com/199.60.103.116","443","INFO","0 seconds from localtime","",""
"HTTP_headerTime","hacksclusive.com/199.60.103.116","443","INFO","1743506670","",""
"ipv4_in_header","hacksclusive.com/199.60.103.116","443","MEDIUM","Set-Cookie: __cf_bm=gOmQcq2FoWrxjeckVpA66DJ3ixHpmiTG_KoVGBZFaNg-1743506670-1.0.1.1-nCmwzriSMmfs8dYvM5MapnEB2yWTP34d5dIGgzBaQnuRJdH2sP3fvrEsDHDjGscwgLUMHiVxe5FCBSvLG3Qluj9VoM9ZW87Y8GKjd4w80cA; path=/; expires=Tue, 01-Apr-25 11:54:30 GMT; domain=.hacksclusive.com; HttpOnly; Secure; SameSite=None (check if it's your IP address or e.g. a cluster IP)","","CWE-212"
"ipv4_in_header","hacksclusive.com/199.60.103.116","443","MEDIUM","Set-Cookie: _cfuvid=A4Mu5QSnRk.KEMa7IJRn8w4xfL85WbGchLEzUXYIj3I-1743506670027-0.0.1.1-604800000; path=/; domain=.hacksclusive.com; HttpOnly; Secure; SameSite=None","","CWE-212"
"HSTS_time","hacksclusive.com/199.60.103.116","443","OK","365 days (=31536000 seconds) > 15552000 seconds","",""
"HSTS_subdomains","hacksclusive.com/199.60.103.116","443","INFO","only for this domain","",""
"HSTS_preload","hacksclusive.com/199.60.103.116","443","INFO","domain is NOT marked for preloading","",""
"HPKP","hacksclusive.com/199.60.103.116","443","INFO","No support for HTTP Public Key Pinning","",""
"banner_server","hacksclusive.com/199.60.103.116","443","INFO","cloudflare","",""
"banner_application","hacksclusive.com/199.60.103.116","443","INFO","No application banner found","",""
"cookie_count","hacksclusive.com/199.60.103.116","443","INFO","2 at '/'","",""
"cookie_secure","hacksclusive.com/199.60.103.116","443","OK","All (2) at '/' marked as secure","",""
"cookie_httponly","hacksclusive.com/199.60.103.116","443","OK","All (2) at '/' marked as HttpOnly","",""
"X-Frame-Options","hacksclusive.com/199.60.103.116","443","OK","deny","",""
"X-Content-Type-Options","hacksclusive.com/199.60.103.116","443","OK","nosniff","",""
"Content-Security-Policy","hacksclusive.com/199.60.103.116","443","OK","upgrade-insecure-requests","",""
"X-XSS-Protection","hacksclusive.com/199.60.103.116","443","INFO","1","",""
"Referrer-Policy","hacksclusive.com/199.60.103.116","443","INFO","no-referrer-when-downgrade","",""
"Cache-Control","hacksclusive.com/199.60.103.116","443","INFO","s-maxage=10800, max-age=0","",""
"banner_reverseproxy","hacksclusive.com/199.60.103.116","443","INFO","--","","CWE-200"
"heartbleed","hacksclusive.com/199.60.103.116","443","OK","not vulnerable, no heartbeat extension","CVE-2014-0160","CWE-119"
"CCS","hacksclusive.com/199.60.103.116","443","OK","not vulnerable","CVE-2014-0224","CWE-310"
"ticketbleed","hacksclusive.com/199.60.103.116","443","OK","not vulnerable","CVE-2016-9244","CWE-200"
"ROBOT","hacksclusive.com/199.60.103.116","443","OK","not vulnerable","CVE-2017-17382 CVE-2017-17427 CVE-2017-17428 CVE-2017-13098 CVE-2017-1000385 CVE-2017-13099 CVE-2016-6883 CVE-2012-5081 CVE-2017-6168","CWE-203"
"secure_renego","hacksclusive.com/199.60.103.116","443","OK","supported","","CWE-310"
"secure_client_renego","hacksclusive.com/199.60.103.116","443","OK","not vulnerable","CVE-2011-1473","CWE-310"
"CRIME_TLS","hacksclusive.com/199.60.103.116","443","OK","not vulnerable","CVE-2012-4929","CWE-310"
"BREACH","hacksclusive.com/199.60.103.116","443","MEDIUM","potentially VULNERABLE, br gzip HTTP compression detected  - only supplied '/' tested","CVE-2013-3587","CWE-310"
"POODLE_SSL","hacksclusive.com/199.60.103.116","443","OK","not vulnerable, no SSLv3","CVE-2014-3566","CWE-310"
"fallback_SCSV","hacksclusive.com/199.60.103.116","443","OK","no protocol below TLS 1.2 offered","",""
"SWEET32","hacksclusive.com/199.60.103.116","443","OK","not vulnerable","CVE-2016-2183 CVE-2016-6329","CWE-327"
"FREAK","hacksclusive.com/199.60.103.116","443","OK","not vulnerable","CVE-2015-0204","CWE-310"
"DROWN","hacksclusive.com/199.60.103.116","443","OK","not vulnerable on this host and port","CVE-2016-0800 CVE-2016-0703","CWE-310"
"DROWN_hint","hacksclusive.com/199.60.103.116","443","INFO","Make sure you don't use this certificate elsewhere with SSLv2 enabled services, see https://search.censys.io/search?resource=hosts&virtual_hosts=INCLUDE&q=C2B4442CA02A0AB3982E9D7E38EA57EED8CA68924BF9A3F3653C4B5AD3572915","CVE-2016-0800 CVE-2016-0703","CWE-310"
"LOGJAM","hacksclusive.com/199.60.103.116","443","OK","not vulnerable, no DH EXPORT ciphers,","CVE-2015-4000","CWE-310"
"LOGJAM-common_primes","hacksclusive.com/199.60.103.116","443","OK","no DH key with <= TLS 1.2","CVE-2015-4000","CWE-310"
"BEAST","hacksclusive.com/199.60.103.116","443","OK","not vulnerable, no SSL3 or TLS1","CVE-2011-3389","CWE-20"
"LUCKY13","hacksclusive.com/199.60.103.116","443","LOW","potentially vulnerable, uses TLS CBC ciphers","CVE-2013-0169","CWE-310"
"winshock","hacksclusive.com/199.60.103.116","443","OK","not vulnerable","CVE-2014-6321","CWE-94"
"RC4","hacksclusive.com/199.60.103.116","443","OK","not vulnerable","CVE-2013-2566 CVE-2015-2808","CWE-310"
"clientsimulation-android_60","hacksclusive.com/199.60.103.116","443","INFO","TLSv1.2 ECDHE-ECDSA-AES128-GCM-SHA256","",""
"clientsimulation-android_70","hacksclusive.com/199.60.103.116","443","INFO","TLSv1.2 ECDHE-ECDSA-AES128-GCM-SHA256","",""
"clientsimulation-android_81","hacksclusive.com/199.60.103.116","443","INFO","TLSv1.2 ECDHE-ECDSA-AES128-GCM-SHA256","",""
"clientsimulation-android_90","hacksclusive.com/199.60.103.116","443","INFO","TLSv1.3 TLS_AES_128_GCM_SHA256","",""
"clientsimulation-android_X","hacksclusive.com/199.60.103.116","443","INFO","TLSv1.3 TLS_AES_128_GCM_SHA256","",""
"clientsimulation-android_11","hacksclusive.com/199.60.103.116","443","INFO","TLSv1.3 TLS_AES_128_GCM_SHA256","",""
"clientsimulation-android_12","hacksclusive.com/199.60.103.116","443","INFO","TLSv1.3 TLS_AES_128_GCM_SHA256","",""
"clientsimulation-chrome_79_win10","hacksclusive.com/199.60.103.116","443","INFO","TLSv1.3 TLS_AES_128_GCM_SHA256","",""
"clientsimulation-chrome_101_win10","hacksclusive.com/199.60.103.116","443","INFO","TLSv1.3 TLS_AES_128_GCM_SHA256","",""
"clientsimulation-firefox_66_win81","hacksclusive.com/199.60.103.116","443","INFO","TLSv1.3 TLS_AES_128_GCM_SHA256","",""
"clientsimulation-firefox_100_win10","hacksclusive.com/199.60.103.116","443","INFO","TLSv1.3 TLS_AES_128_GCM_SHA256","",""
"clientsimulation-ie_6_xp","hacksclusive.com/199.60.103.116","443","INFO","No connection","",""
"clientsimulation-ie_8_win7","hacksclusive.com/199.60.103.116","443","INFO","No connection","",""
"clientsimulation-ie_8_xp","hacksclusive.com/199.60.103.116","443","INFO","No connection","",""
"clientsimulation-ie_11_win7","hacksclusive.com/199.60.103.116","443","INFO","TLSv1.2 ECDHE-ECDSA-AES128-GCM-SHA256","",""
"clientsimulation-ie_11_win81","hacksclusive.com/199.60.103.116","443","INFO","TLSv1.2 ECDHE-ECDSA-AES128-GCM-SHA256","",""
"clientsimulation-ie_11_winphone81","hacksclusive.com/199.60.103.116","443","INFO","TLSv1.2 ECDHE-ECDSA-AES128-GCM-SHA256","",""
"clientsimulation-ie_11_win10","hacksclusive.com/199.60.103.116","443","INFO","TLSv1.2 ECDHE-ECDSA-AES128-GCM-SHA256","",""
"clientsimulation-edge_15_win10","hacksclusive.com/199.60.103.116","443","INFO","TLSv1.2 ECDHE-ECDSA-AES128-GCM-SHA256","",""
"clientsimulation-edge_101_win10_21h2","hacksclusive.com/199.60.103.116","443","INFO","TLSv1.3 TLS_AES_128_GCM_SHA256","",""
"clientsimulation-safari_121_ios_122","hacksclusive.com/199.60.103.116","443","INFO","TLSv1.3 TLS_CHACHA20_POLY1305_SHA256","",""
"clientsimulation-safari_130_osx_10146","hacksclusive.com/199.60.103.116","443","INFO","TLSv1.3 TLS_CHACHA20_POLY1305_SHA256","",""
"clientsimulation-safari_154_osx_1231","hacksclusive.com/199.60.103.116","443","INFO","TLSv1.3 TLS_AES_128_GCM_SHA256","",""
"clientsimulation-java_7u25","hacksclusive.com/199.60.103.116","443","INFO","No connection","",""
"clientsimulation-java_8u161","hacksclusive.com/199.60.103.116","443","INFO","TLSv1.2 ECDHE-ECDSA-AES128-GCM-SHA256","",""
"clientsimulation-java1102","hacksclusive.com/199.60.103.116","443","INFO","TLSv1.3 TLS_AES_128_GCM_SHA256","",""
"clientsimulation-java1703","hacksclusive.com/199.60.103.116","443","INFO","TLSv1.3 TLS_AES_256_GCM_SHA384","",""
"clientsimulation-go_1178","hacksclusive.com/199.60.103.116","443","INFO","TLSv1.3 TLS_AES_128_GCM_SHA256","",""
"clientsimulation-libressl_283","hacksclusive.com/199.60.103.116","443","INFO","TLSv1.2 ECDHE-ECDSA-CHACHA20-POLY1305","",""
"clientsimulation-openssl_102e","hacksclusive.com/199.60.103.116","443","INFO","TLSv1.2 ECDHE-ECDSA-AES128-GCM-SHA256","",""
"clientsimulation-openssl_110l","hacksclusive.com/199.60.103.116","443","INFO","TLSv1.2 ECDHE-ECDSA-CHACHA20-POLY1305","",""
"clientsimulation-openssl_111d","hacksclusive.com/199.60.103.116","443","INFO","TLSv1.3 TLS_AES_256_GCM_SHA384","",""
"clientsimulation-openssl_303","hacksclusive.com/199.60.103.116","443","INFO","TLSv1.3 TLS_AES_256_GCM_SHA384","",""
"clientsimulation-apple_mail_16_0","hacksclusive.com/199.60.103.116","443","INFO","TLSv1.2 ECDHE-ECDSA-AES128-GCM-SHA256","",""
"clientsimulation-thunderbird_91_9","hacksclusive.com/199.60.103.116","443","INFO","TLSv1.3 TLS_AES_128_GCM_SHA256","",""
"rating_spec","hacksclusive.com/199.60.103.116","443","INFO","SSL Labs's 'SSL Server Rating Guide' (version 2009q from 2020-01-30)","",""
"rating_doc","hacksclusive.com/199.60.103.116","443","INFO","https://github.com/ssllabs/research/wiki/SSL-Server-Rating-Guide","",""
"protocol_support_score","hacksclusive.com/199.60.103.116","443","INFO","100","",""
"protocol_support_score_weighted","hacksclusive.com/199.60.103.116","443","INFO","30","",""
"key_exchange_score","hacksclusive.com/199.60.103.116","443","INFO","90","",""
"key_exchange_score_weighted","hacksclusive.com/199.60.103.116","443","INFO","27","",""
"cipher_strength_score","hacksclusive.com/199.60.103.116","443","INFO","90","",""
"cipher_strength_score_weighted","hacksclusive.com/199.60.103.116","443","INFO","36","",""
"final_score","hacksclusive.com/199.60.103.116","443","INFO","93","",""
"overall_grade","hacksclusive.com/199.60.103.116","443","OK","A+","",""
"service","hacksclusive.com/199.60.103.16","443","INFO","HTTP","",""
"pre_128cipher","hacksclusive.com/199.60.103.16","443","INFO","No 128 cipher limit bug","",""
"SSLv2","hacksclusive.com/199.60.103.16","443","OK","not offered","",""
"SSLv3","hacksclusive.com/199.60.103.16","443","OK","not offered","",""
"TLS1","hacksclusive.com/199.60.103.16","443","INFO","not offered","",""
"TLS1_1","hacksclusive.com/199.60.103.16","443","INFO","not offered","",""
"TLS1_2","hacksclusive.com/199.60.103.16","443","OK","offered","",""
"TLS1_3","hacksclusive.com/199.60.103.16","443","OK","offered with final","",""
"NPN","hacksclusive.com/199.60.103.16","443","INFO","offered with h2, http/1.1 (advertised)","",""
"ALPN_HTTP2","hacksclusive.com/199.60.103.16","443","OK","h2","",""
"ALPN","hacksclusive.com/199.60.103.16","443","INFO","http/1.1","",""
"cipherlist_NULL","hacksclusive.com/199.60.103.16","443","OK","not offered","","CWE-327"
"cipherlist_aNULL","hacksclusive.com/199.60.103.16","443","OK","not offered","","CWE-327"
"cipherlist_EXPORT","hacksclusive.com/199.60.103.16","443","OK","not offered","","CWE-327"
"cipherlist_LOW","hacksclusive.com/199.60.103.16","443","OK","not offered","","CWE-327"
"cipherlist_3DES_IDEA","hacksclusive.com/199.60.103.16","443","INFO","not offered","","CWE-310"
"cipherlist_OBSOLETED","hacksclusive.com/199.60.103.16","443","LOW","offered","","CWE-310"
"cipherlist_STRONG_NOFS","hacksclusive.com/199.60.103.16","443","OK","offered","",""
"cipherlist_STRONG_FS","hacksclusive.com/199.60.103.16","443","OK","offered","",""
"cipher_order-tls1_2","hacksclusive.com/199.60.103.16","443","OK","server -- server prioritizes ChaCha ciphers when preferred by clients","",""
"cipher-tls1_2_xc02b","hacksclusive.com/199.60.103.16","443","OK","TLSv1.2   xc02b   ECDHE-ECDSA-AES128-GCM-SHA256     ECDH 253   AESGCM      128      TLS_ECDHE_ECDSA_WITH_AES_128_GCM_SHA256","",""
"cipher-tls1_2_xcca9","hacksclusive.com/199.60.103.16","443","OK","TLSv1.2   xcca9   ECDHE-ECDSA-CHACHA20-POLY1305     ECDH 253   ChaCha20    256      TLS_ECDHE_ECDSA_WITH_CHACHA20_POLY1305_SHA256","",""
"cipher-tls1_2_xc009","hacksclusive.com/199.60.103.16","443","LOW","TLSv1.2   xc009   ECDHE-ECDSA-AES128-SHA            ECDH 253   AES         128      TLS_ECDHE_ECDSA_WITH_AES_128_CBC_SHA","",""
"cipher-tls1_2_xc02c","hacksclusive.com/199.60.103.16","443","OK","TLSv1.2   xc02c   ECDHE-ECDSA-AES256-GCM-SHA384     ECDH 253   AESGCM      256      TLS_ECDHE_ECDSA_WITH_AES_256_GCM_SHA384","",""
"cipher-tls1_2_xc00a","hacksclusive.com/199.60.103.16","443","LOW","TLSv1.2   xc00a   ECDHE-ECDSA-AES256-SHA            ECDH 253   AES         256      TLS_ECDHE_ECDSA_WITH_AES_256_CBC_SHA","",""
"cipher-tls1_2_xc023","hacksclusive.com/199.60.103.16","443","LOW","TLSv1.2   xc023   ECDHE-ECDSA-AES128-SHA256         ECDH 253   AES         128      TLS_ECDHE_ECDSA_WITH_AES_128_CBC_SHA256","",""
"cipher-tls1_2_xc024","hacksclusive.com/199.60.103.16","443","LOW","TLSv1.2   xc024   ECDHE-ECDSA-AES256-SHA384         ECDH 253   AES         256      TLS_ECDHE_ECDSA_WITH_AES_256_CBC_SHA384","",""
"cipher-tls1_2_xc02f","hacksclusive.com/199.60.103.16","443","OK","TLSv1.2   xc02f   ECDHE-RSA-AES128-GCM-SHA256       ECDH 253   AESGCM      128      TLS_ECDHE_RSA_WITH_AES_128_GCM_SHA256","",""
"cipher-tls1_2_xcca8","hacksclusive.com/199.60.103.16","443","OK","TLSv1.2   xcca8   ECDHE-RSA-CHACHA20-POLY1305       ECDH 253   ChaCha20    256      TLS_ECDHE_RSA_WITH_CHACHA20_POLY1305_SHA256","",""
"cipher-tls1_2_xc013","hacksclusive.com/199.60.103.16","443","LOW","TLSv1.2   xc013   ECDHE-RSA-AES128-SHA              ECDH 253   AES         128      TLS_ECDHE_RSA_WITH_AES_128_CBC_SHA","",""
"cipher-tls1_2_x9c","hacksclusive.com/199.60.103.16","443","OK","TLSv1.2   x9c     AES128-GCM-SHA256                 RSA        AESGCM      128      TLS_RSA_WITH_AES_128_GCM_SHA256","",""
"cipher-tls1_2_x2f","hacksclusive.com/199.60.103.16","443","LOW","TLSv1.2   x2f     AES128-SHA                        RSA        AES         128      TLS_RSA_WITH_AES_128_CBC_SHA","",""
"cipher-tls1_2_xc030","hacksclusive.com/199.60.103.16","443","OK","TLSv1.2   xc030   ECDHE-RSA-AES256-GCM-SHA384       ECDH 253   AESGCM      256      TLS_ECDHE_RSA_WITH_AES_256_GCM_SHA384","",""
"cipher-tls1_2_xc014","hacksclusive.com/199.60.103.16","443","LOW","TLSv1.2   xc014   ECDHE-RSA-AES256-SHA              ECDH 253   AES         256      TLS_ECDHE_RSA_WITH_AES_256_CBC_SHA","",""
"cipher-tls1_2_x9d","hacksclusive.com/199.60.103.16","443","OK","TLSv1.2   x9d     AES256-GCM-SHA384                 RSA        AESGCM      256      TLS_RSA_WITH_AES_256_GCM_SHA384","",""
"cipher-tls1_2_x35","hacksclusive.com/199.60.103.16","443","LOW","TLSv1.2   x35     AES256-SHA                        RSA        AES         256      TLS_RSA_WITH_AES_256_CBC_SHA","",""
"cipher-tls1_2_xc027","hacksclusive.com/199.60.103.16","443","LOW","TLSv1.2   xc027   ECDHE-RSA-AES128-SHA256           ECDH 253   AES         128      TLS_ECDHE_RSA_WITH_AES_128_CBC_SHA256","",""
"cipher-tls1_2_x3c","hacksclusive.com/199.60.103.16","443","LOW","TLSv1.2   x3c     AES128-SHA256                     RSA        AES         128      TLS_RSA_WITH_AES_128_CBC_SHA256","",""
"cipher-tls1_2_xc028","hacksclusive.com/199.60.103.16","443","LOW","TLSv1.2   xc028   ECDHE-RSA-AES256-SHA384           ECDH 253   AES         256      TLS_ECDHE_RSA_WITH_AES_256_CBC_SHA384","",""
"cipher-tls1_2_x3d","hacksclusive.com/199.60.103.16","443","LOW","TLSv1.2   x3d     AES256-SHA256                     RSA        AES         256      TLS_RSA_WITH_AES_256_CBC_SHA256","",""
"cipherorder_TLSv1_2","hacksclusive.com/199.60.103.16","443","INFO","ECDHE-ECDSA-AES128-GCM-SHA256 ECDHE-ECDSA-CHACHA20-POLY1305 ECDHE-ECDSA-AES128-SHA ECDHE-ECDSA-AES256-GCM-SHA384 ECDHE-ECDSA-AES256-SHA ECDHE-ECDSA-AES128-SHA256 ECDHE-ECDSA-AES256-SHA384 ECDHE-RSA-AES128-GCM-SHA256 ECDHE-RSA-CHACHA20-POLY1305 ECDHE-RSA-AES128-SHA AES128-GCM-SHA256 AES128-SHA ECDHE-RSA-AES256-GCM-SHA384 ECDHE-RSA-AES256-SHA AES256-GCM-SHA384 AES256-SHA ECDHE-RSA-AES128-SHA256 AES128-SHA256 ECDHE-RSA-AES256-SHA384 AES256-SHA256","",""
"prioritize_chacha_TLSv1_2","hacksclusive.com/199.60.103.16","443","INFO","true","",""
"cipher_order-tls1_3","hacksclusive.com/199.60.103.16","443","INFO","NOT a cipher order configured","",""
"cipher-tls1_3_x1302","hacksclusive.com/199.60.103.16","443","OK","TLSv1.3   x1302   TLS_AES_256_GCM_SHA384            ECDH 253   AESGCM      256      TLS_AES_256_GCM_SHA384                              available","",""
"cipher-tls1_3_x1303","hacksclusive.com/199.60.103.16","443","OK","TLSv1.3   x1303   TLS_CHACHA20_POLY1305_SHA256      ECDH 253   ChaCha20    256      TLS_CHACHA20_POLY1305_SHA256                        available","",""
"cipher-tls1_3_x1301","hacksclusive.com/199.60.103.16","443","OK","TLSv1.3   x1301   TLS_AES_128_GCM_SHA256            ECDH 253   AESGCM      128      TLS_AES_128_GCM_SHA256                              available","",""
"cipher-tls1_3_x1304","hacksclusive.com/199.60.103.16","443","OK","TLSv1.3   x1304   TLS_AES_128_CCM_SHA256            any        AESCCM      128      TLS_AES_128_CCM_SHA256                              not a/v","",""
"cipher-tls1_3_x1305","hacksclusive.com/199.60.103.16","443","OK","TLSv1.3   x1305   TLS_AES_128_CCM_8_SHA256          any        AESCCM8     128      TLS_AES_128_CCM_8_SHA256                            not a/v","",""
"cipher-tls1_3_xc0b4","hacksclusive.com/199.60.103.16","443","CRITICAL","TLSv1.3   xc0b4   TLS_SHA256_SHA256                 any        None        None     TLS_SHA256_SHA256                                   not a/v","",""
"cipher-tls1_3_xc0b5","hacksclusive.com/199.60.103.16","443","CRITICAL","TLSv1.3   xc0b5   TLS_SHA384_SHA384                 any        None        None     TLS_SHA384_SHA384                                   not a/v","",""
"supportedciphers_TLSv1_3","hacksclusive.com/199.60.103.16","443","INFO","TLS_AES_256_GCM_SHA384 TLS_CHACHA20_POLY1305_SHA256 TLS_AES_128_GCM_SHA256","",""
"cipher_order","hacksclusive.com/199.60.103.16","443","OK","server -- TLS 1.3 client determined","",""
"FS","hacksclusive.com/199.60.103.16","443","OK","offered","",""
"FS_ciphers","hacksclusive.com/199.60.103.16","443","INFO","TLS_AES_256_GCM_SHA384 TLS_CHACHA20_POLY1305_SHA256 ECDHE-RSA-AES256-GCM-SHA384 ECDHE-ECDSA-AES256-GCM-SHA384 ECDHE-RSA-AES256-SHA384 ECDHE-ECDSA-AES256-SHA384 ECDHE-RSA-AES256-SHA ECDHE-ECDSA-AES256-SHA ECDHE-ECDSA-CHACHA20-POLY1305 ECDHE-RSA-CHACHA20-POLY1305 TLS_AES_128_GCM_SHA256 ECDHE-RSA-AES128-GCM-SHA256 ECDHE-ECDSA-AES128-GCM-SHA256 ECDHE-RSA-AES128-SHA256 ECDHE-ECDSA-AES128-SHA256 ECDHE-RSA-AES128-SHA ECDHE-ECDSA-AES128-SHA","",""
"FS_KEMs","hacksclusive.com/199.60.103.16","443","OK","X25519MLKEM768 X25519Kyber768Draft00","",""
"FS_ECDHE_curves","hacksclusive.com/199.60.103.16","443","OK","prime256v1 secp384r1 secp521r1 X25519","",""
"FS_TLS12_sig_algs","hacksclusive.com/199.60.103.16","443","INFO","RSA-PSS-RSAE+SHA256 RSA+SHA256 RSA-PSS-RSAE+SHA384 ECDSA+SHA256 ECDSA+SHA384 ECDSA+SHA512","",""
"FS_TLS13_sig_algs","hacksclusive.com/199.60.103.16","443","INFO","ECDSA+SHA256","",""
"TLS_extensions","hacksclusive.com/199.60.103.16","443","INFO","'server name/#0' 'renegotiation info/#65281' 'EC point formats/#11' 'session ticket/#35' 'status request/#5' 'next protocol/#13172' 'key share/#51' 'supported versions/#43' 'extended master secret/#23' 'application layer protocol negotiation/#16' 'compress_certificate/#27'","",""
"TLS_session_ticket","hacksclusive.com/199.60.103.16","443","INFO","valid for 64800 seconds only (<daily)","",""
"SSL_sessionID_support","hacksclusive.com/199.60.103.16","443","INFO","yes","",""
"sessionresumption_ticket","hacksclusive.com/199.60.103.16","443","INFO","supported","",""
"sessionresumption_ID","hacksclusive.com/199.60.103.16","443","INFO","not supported","",""
"TLS_timestamp","hacksclusive.com/199.60.103.16","443","INFO","random","",""
"certificate_compression","hacksclusive.com/199.60.103.16","443","INFO","0002/Brotli","",""
"clientAuth","hacksclusive.com/199.60.103.16","443","INFO","none","",""
"cert_numbers","hacksclusive.com/199.60.103.16","443","INFO","2","",""
"cert_signatureAlgorithm <hostCert#1>","hacksclusive.com/199.60.103.16","443","OK","SHA256 with RSA","",""
"cert_keySize <hostCert#1>","hacksclusive.com/199.60.103.16","443","INFO","RSA 2048 bits (exponent is 65537)","",""
"cert_keyUsage <hostCert#1>","hacksclusive.com/199.60.103.16","443","INFO","Digital Signature, Key Encipherment","",""
"cert_extKeyUsage <hostCert#1>","hacksclusive.com/199.60.103.16","443","INFO","TLS Web Server Authentication","",""
"cert_serialNumber <hostCert#1>","hacksclusive.com/199.60.103.16","443","INFO","9D4821DBE57392BA0DB3625C8EC6E0AF","",""
"cert_serialNumberLen <hostCert#1>","hacksclusive.com/199.60.103.16","443","INFO","16","",""
"cert_fingerprintSHA1 <hostCert#1>","hacksclusive.com/199.60.103.16","443","INFO","F1DACD9F0A84CC58FC5F34CDD0B0459DC6BF8A7D","",""
"cert_fingerprintSHA256 <hostCert#1>","hacksclusive.com/199.60.103.16","443","INFO","C2B4442CA02A0AB3982E9D7E38EA57EED8CA68924BF9A3F3653C4B5AD3572915","",""
"cert <hostCert#1>","hacksclusive.com/199.60.103.16","443","INFO","-----BEGIN CERTIFICATE-----\nMIIFLDCCBBSgAwIBAgIRAJ1IIdvlc5K6DbNiXI7G4K8wDQYJKoZIhvcNAQELBQAwOzELMAkGA1UEBhMCVVMxHjAcBgNVBAoTFUdvb2dsZSBUcnVzdCBTZXJ2aWNlczEMMAoGA1UEAxMDV1IxMB4XDTI1MDMwNTA5MDIzOVoXDTI1MDYwMzEwMDExNlowGzEZMBcGA1UEAxMQaGFja3NjbHVzaXZlLmNvbTCCASIwDQYJKoZIhvcNAQEBBQADggEPADCCAQoCggEBALWZfzfjeCBOVFjpuPlkBbbz/sGvFF6MT0nhEq+Qqs5ykBso5o0O40FjMiHJ1vPqDUeeKHvGoNNKK79g99HusssHJ26dg9j7dZ3tehMmzVnkIbzBhbyDcV5SbISgRUj0RoTzip38lsicg8LG4TMOLJM6S3ga7fcoOAeYFscLGE6d/7/p4rb9fS2r72A/NBaiwtnTeStsMmnQorntZUN8HnxPPzsKhLD2rFOE7Pj4Mf1qNpJP/Z/6lO8jJYT7yDuaNK4JLGvFGI+0ji+MB5dKCRkZAG5UzNHbN/qLUlOMk2QAO/3ZXJqBKm552HqcFdah+evGgUvsqW/pbeZok8OLrbUCAwEAAaOCAkkwggJFMA4GA1UdDwEB/wQEAwIFoDATBgNVHSUEDDAKBggrBgEFBQcDATAMBgNVHRMBAf8EAjAAMB0GA1UdDgQWBBQlmG+ZPFSVSj//sZ54YQ4fRYHAwDAfBgNVHSMEGDAWgBRmaUnU3iqckQPPiQ4kuA4wA26ILjBeBggrBgEFBQcBAQRSMFAwJwYIKwYBBQUHMAGGG2h0dHA6Ly9vLnBraS5nb29nL3Mvd3IxL25VZzAlBggrBgEFBQcwAoYZaHR0cDovL2kucGtpLmdvb2cvd3IxLmNydDAbBgNVHREEFDASghBoYWNrc2NsdXNpdmUuY29tMBMGA1UdIAQMMAowCAYGZ4EMAQIBMDYGA1UdHwQvMC0wK6ApoCeGJWh0dHA6Ly9jLnBraS5nb29nL3dyMS9VQVRWRmpMOWtBYy5jcmwwggEEBgorBgEEAdZ5AgQCBIH1BIHyAPAAdgDPEVbu1S58r/OHW9lpLpvpGnFnSrAX7KwB0lt3zsw7CAAAAZVlweLFAAAEAwBHMEUCIE52mVlQWufZk7cEbI2fHAfZR4hnjjUmJiTHyML9Ro9wAiEAxyzqfudq390P9gA5WM1pqHigoNOvJ87wOhOTmVrt1ucAdgB9WR4S4XgqexxhZ3xe/fjQh1wUoE6VnrkDL9kOjC55uAAAAZVlweK4AAAEAwBHMEUCIGkARbC+sxeAoWg3WA5zIYXB4p2DEmvFPAol6rDF7MH3AiEAhbSnl1I0zGrkVd8jNxfmX5YD+glAlOXVHhF6gA6sgN8wDQYJKoZIhvcNAQELBQADggEBAMUL4rJcA9+y3fvTCUkdx0AY2sYPakkWydeP1wu2KXSBzPWrwV8TXueTl2jHVmjw6/S+XecLuxUNs2EA+PqJzKmT9kTkOp6cyf54wVqD69nhuRRtNol4rVwroVU+XJM8xy/TONflkhoYfUa9VihhowL45Ep/WRgzUMX9UupA0/WiUf8feat8c6MEVHIwUZs8CLza1O136QQAdd0xVXaw+aQf3s13CQAX+55/Yb6WwLln9MxwVULKGCl+hGn2glkhGD02cfSbbqROxzdlsweONF/Enx5vnvxTBvmi5cPGHYYYiZS4SBeleuZMDqxwbDAV5Qth9tIYwC1SC7OTLvUQuEI=\n-----END CERTIFICATE-----","",""
"cert_commonName <hostCert#1>","hacksclusive.com/199.60.103.16","443","OK","hacksclusive.com","",""
"cert_commonName_wo_SNI <hostCert#1>","hacksclusive.com/199.60.103.16","443","INFO","request w/o SNI didn't succeed","",""
"cert_subjectAltName <hostCert#1>","hacksclusive.com/199.60.103.16","443","INFO","hacksclusive.com","",""
"cert_trust <hostCert#1>","hacksclusive.com/199.60.103.16","443","OK","Ok via SAN and CN (SNI mandatory)","",""
"cert_chain_of_trust <hostCert#1>","hacksclusive.com/199.60.103.16","443","OK","passed.","",""
"cert_certificatePolicies_EV <hostCert#1>","hacksclusive.com/199.60.103.16","443","INFO","no","",""
"cert_expirationStatus <hostCert#1>","hacksclusive.com/199.60.103.16","443","OK","62 >= 60 days","",""
"cert_notBefore <hostCert#1>","hacksclusive.com/199.60.103.16","443","INFO","2025-03-05 09:02","",""
"cert_notAfter <hostCert#1>","hacksclusive.com/199.60.103.16","443","OK","2025-06-03 10:01","",""
"cert_extlifeSpan <hostCert#1>","hacksclusive.com/199.60.103.16","443","OK","certificate has no extended life time according to browser forum","",""
"cert_eTLS <hostCert#1>","hacksclusive.com/199.60.103.16","443","INFO","not present","",""
"cert_crlDistributionPoints <hostCert#1>","hacksclusive.com/199.60.103.16","443","INFO","http://c.pki.goog/wr1/UATVFjL9kAc.crl","",""
"cert_ocspURL <hostCert#1>","hacksclusive.com/199.60.103.16","443","INFO","http://o.pki.goog/s/wr1/nUg","",""
"OCSP_stapling <hostCert#1>","hacksclusive.com/199.60.103.16","443","OK","offered","",""
"cert_ocspRevoked <hostCert#1>","hacksclusive.com/199.60.103.16","443","OK","not revoked","",""
"cert_mustStapleExtension <hostCert#1>","hacksclusive.com/199.60.103.16","443","INFO","--","",""
"DNS_CAArecord <hostCert#1>","hacksclusive.com/199.60.103.16","443","LOW","--","",""
"certificate_transparency <hostCert#1>","hacksclusive.com/199.60.103.16","443","OK","yes (certificate extension)","",""
"certs_countServer <hostCert#1>","hacksclusive.com/199.60.103.16","443","INFO","3","",""
"certs_list_ordering_problem <hostCert#1>","hacksclusive.com/199.60.103.16","443","INFO","no","",""
"cert_caIssuers <hostCert#1>","hacksclusive.com/199.60.103.16","443","INFO","WR1 (Google Trust Services from US)","",""
"intermediate_cert <#1> <hostCert#1>","hacksclusive.com/199.60.103.16","443","INFO","-----BEGIN CERTIFICATE-----\nMIIFCzCCAvOgAwIBAgIQf9niwtIEigR0tieibQhopzANBgkqhkiG9w0BAQsFADBHMQswCQYDVQQGEwJVUzEiMCAGA1UEChMZR29vZ2xlIFRydXN0IFNlcnZpY2VzIExMQzEUMBIGA1UEAxMLR1RTIFJvb3QgUjEwHhcNMjMxMjEzMDkwMDAwWhcNMjkwMjIwMTQwMDAwWjA7MQswCQYDVQQGEwJVUzEeMBwGA1UEChMVR29vZ2xlIFRydXN0IFNlcnZpY2VzMQwwCgYDVQQDEwNXUjEwggEiMA0GCSqGSIb3DQEBAQUAA4IBDwAwggEKAoIBAQDPbjYWircr7kaYAx1TcA937qNLoHK+jyMtwkfGj1yN+T3mGo7uMyINyRFIuLBizvRpDXICfd7VJg/DbpvPfg7XIM/GkDujggbaOp3/bFa/3OlhlEXkabxPD8kTwK1hRHIggdAPK55oamJqj4oiV3lpK+IkM352YyxdvFFpfiMHsf92gfHuuFi1azUV76HmSCg5lzHZBx+Vp56uz5i8no2KA+Gwl01Qb5NMSh/4233xkJkVf+OW7e4xgepyPVId3yVkpQtwqp7oqLlHyKdaECVgb0Lh1z/njwzwwoNGMyDmS3cEdqFop10VGO/YKHc1rQ6tRuRibuKq+MzvN34PJrMHAgMBAAGjgf4wgfswDgYDVR0PAQH/BAQDAgGGMB0GA1UdJQQWMBQGCCsGAQUFBwMBBggrBgEFBQcDAjASBgNVHRMBAf8ECDAGAQH/AgEAMB0GA1UdDgQWBBRmaUnU3iqckQPPiQ4kuA4wA26ILjAfBgNVHSMEGDAWgBTkrysmcRorSCeFL1JmLO/wiRNxPjA0BggrBgEFBQcBAQQoMCYwJAYIKwYBBQUHMAKGGGh0dHA6Ly9pLnBraS5nb29nL3IxLmNydDArBgNVHR8EJDAiMCCgHqAchhpodHRwOi8vYy5wa2kuZ29vZy9yL3IxLmNybDATBgNVHSAEDDAKMAgGBmeBDAECATANBgkqhkiG9w0BAQsFAAOCAgEATuazCBEgkWAn+VGQTQIY7rjBidUihJfm1t/mTjo7KQR+3iDx4o2L06oeF0Q3wpKYpQgI/TeMqUlYMWQmZbWPE0PX8pfsVAE5E5tVOjh34bNAJwDPVnsZVJwzN3nw5BGQ7sxRspFzIcM/qbbTpNeXf9II4Wsk2+Tv6FSVFZUL3/0uHradbruDWjRQ4IZ7mYqKiEqk08dpOZ+TmBzwykEGy1/IXberb6Ap1SSnn2+RI7t6N/fqPCrwwFjp8kg1G6etRATGBaPYCx+GjJMFPX+k97Alvoj3/98SvqdegLPYEPjvxUclHpiKLD63NMmVarVQddIL6kOvTe5k0pnxRnR+mndGHIQc77TLbcZFeja56PynlSqmer578c7CBrPqo1BVmPyWUK+v6sGuzs7Mq7QQaxVs4710cI/MpPp1ovxMVt17ENKxLk34LpEKAKVmqwnzbHHRjhXNeCC984XDOwLEp0K4MzHl8ZOWJQAakCdVlFC+PyA3GP2JX/QLoqWNHGuN9c9vLObDhHVs/L+65De+OdnnjpFGI9xxtsNyRsyaHdFAf5z7ulOoXDXkHCCej/Ehs5docReNt16W2xbH/EBuirJrOzFE2rtALxksl1TdEjOfIKXOJfUqQeVI5+hA7V+n1+A/n7Npg0S+5ODytWh5XW54ccN1drJnMK54ttozh0c=\n-----END CERTIFICATE-----","",""
"intermediate_cert_fingerprintSHA256 <#1> <hostCert#1>","hacksclusive.com/199.60.103.16","443","INFO","B10B6F00E609509E8700F6D34687A2BFCE38EA05A8FDF1CDC40C3A2A0D0D0E45","",""
"intermediate_cert_notBefore <#1> <hostCert#1>","hacksclusive.com/199.60.103.16","443","INFO","2023-12-13 09:00","",""
"intermediate_cert_notAfter <#1> <hostCert#1>","hacksclusive.com/199.60.103.16","443","OK","2029-02-20 14:00","",""
"intermediate_cert_expiration <#1> <hostCert#1>","hacksclusive.com/199.60.103.16","443","OK","ok > 40 days","",""
"intermediate_cert_chain <#1> <hostCert#1>","hacksclusive.com/199.60.103.16","443","INFO","WR1 <-- GTS Root R1","",""
"intermediate_cert <#2> <hostCert#1>","hacksclusive.com/199.60.103.16","443","INFO","-----BEGIN CERTIFICATE-----\nMIIFYjCCBEqgAwIBAgIQd70NbNs2+RrqIQ/E8FjTDTANBgkqhkiG9w0BAQsFADBXMQswCQYDVQQGEwJCRTEZMBcGA1UEChMQR2xvYmFsU2lnbiBudi1zYTEQMA4GA1UECxMHUm9vdCBDQTEbMBkGA1UEAxMSR2xvYmFsU2lnbiBSb290IENBMB4XDTIwMDYxOTAwMDA0MloXDTI4MDEyODAwMDA0MlowRzELMAkGA1UEBhMCVVMxIjAgBgNVBAoTGUdvb2dsZSBUcnVzdCBTZXJ2aWNlcyBMTEMxFDASBgNVBAMTC0dUUyBSb290IFIxMIICIjANBgkqhkiG9w0BAQEFAAOCAg8AMIICCgKCAgEAthECix7joXebO9y/lD63ladAPKH9gvl9MgaCcfb2jH/76Nu8ai6Xl6OMS/kr9rH5zoQdsfnFl97vufKj6bwSiV6nqlKr+CMny6SxnGPb15l+8Ape62im9MZaRw1NEDPjTrETo8gYbEvs/AmQ351kKSUjB6G00j0uYODP0gmHu81I8E3CwnqIiru6z1kZ1q+PsAewnjHxgsHA3y6mbWwZDrXYfiYaRQM9sHmklCitD38m5agI/pboPGiUU+6DOogrFZYJsuB6jC511pzrp1Zkj5ZPaK49l8KEj8C8QMALXL32h7M1bKwYUH+E4EzNktMg6TO8UpmvMrUpsyUqtEj5cuHKZPfmghCN6J3Cioj6OGaK/GP5Afl4/Xtcd/p2h/rs37EOeZVXtL0m79YB0esWCruOC7XFxYpVq9Os6pFLKcwZpDIlTirxZUTQAs6qzkm06p98g7BAe+dDq6dso499iYH6TKX/1Y7DzkvgtdizjkXPdsDtQCv9Uw+wp9U7DbGKogPeMa3Md+pvez7W35EiEua++tgy/BBjFFFy3l3WFpO9KWgz7zpm7AeKJt8T11dleCfeXkkUAKIAf5qoIbapsZWwpbkNFhHax2xIPEDgfg1azVY80ZcFuctL7TlLnMQ/0lUTbiSw1nH69MG6zO0b9f6BQdgAmD06yK56mDcYBZUCAwEAAaOCATgwggE0MA4GA1UdDwEB/wQEAwIBhjAPBgNVHRMBAf8EBTADAQH/MB0GA1UdDgQWBBTkrysmcRorSCeFL1JmLO/wiRNxPjAfBgNVHSMEGDAWgBRge2YaRQ2XyolQL30EzTSo//z9SzBgBggrBgEFBQcBAQRUMFIwJQYIKwYBBQUHMAGGGWh0dHA6Ly9vY3NwLnBraS5nb29nL2dzcjEwKQYIKwYBBQUHMAKGHWh0dHA6Ly9wa2kuZ29vZy9nc3IxL2dzcjEuY3J0MDIGA1UdHwQrMCkwJ6AloCOGIWh0dHA6Ly9jcmwucGtpLmdvb2cvZ3NyMS9nc3IxLmNybDA7BgNVHSAENDAyMAgGBmeBDAECATAIBgZngQwBAgIwDQYLKwYBBAHWeQIFAwIwDQYLKwYBBAHWeQIFAwMwDQYJKoZIhvcNAQELBQADggEBADSkHrEoo9C0dhemMXoh6dFSPsjbdBZBiLg9NR3t5P+T4Vxfq7vqfM/b5A3Ri1fyJm9bvhdGaJQ3b2t6yMAYN/olUazsaL+yyEn9WprKASOshIArAoyZl+tJaox118fessmXn1hIVw41oeQa1v1vg4Fv74zPl6/AhSrw9U5pCZEt4Wi4wStz6dTZ/CLANx8LZh1J7QJVj2fhMtfTJr9w4z30Z209fOU0iOMy+qduBmpvvYuR7hZL6Dupszfnw0Skfths18dG9ZKb59UhvmaSGZRVbNQpsg3BZlvid0lIKO2d1xozclOzgjXPYovJJIultzkMu34qQb9Sz/yilrbCgj8=\n-----END CERTIFICATE-----","",""
"intermediate_cert_fingerprintSHA256 <#2> <hostCert#1>","hacksclusive.com/199.60.103.16","443","INFO","3EE0278DF71FA3C125C4CD487F01D774694E6FC57E0CD94C24EFD769133918E5","",""
"intermediate_cert_notBefore <#2> <hostCert#1>","hacksclusive.com/199.60.103.16","443","INFO","2020-06-19 00:00","",""
"intermediate_cert_notAfter <#2> <hostCert#1>","hacksclusive.com/199.60.103.16","443","OK","2028-01-28 00:00","",""
"intermediate_cert_expiration <#2> <hostCert#1>","hacksclusive.com/199.60.103.16","443","OK","ok > 40 days","",""
"intermediate_cert_chain <#2> <hostCert#1>","hacksclusive.com/199.60.103.16","443","INFO","GTS Root R1 <-- GlobalSign Root CA","",""
"intermediate_cert_badOCSP <hostCert#1>","hacksclusive.com/199.60.103.16","443","OK","intermediate certificate(s) is/are ok","",""
"cert_signatureAlgorithm <hostCert#2>","hacksclusive.com/199.60.103.16","443","OK","ECDSA with SHA256","",""
"cert_keySize <hostCert#2>","hacksclusive.com/199.60.103.16","443","OK","EC 256 bits (curve P-256)","",""
"cert_keyUsage <hostCert#2>","hacksclusive.com/199.60.103.16","443","INFO","Digital Signature","",""
"cert_extKeyUsage <hostCert#2>","hacksclusive.com/199.60.103.16","443","INFO","TLS Web Server Authentication","",""
"cert_serialNumber <hostCert#2>","hacksclusive.com/199.60.103.16","443","INFO","BE03262893384E51134DB22C0FF17768","",""
"cert_serialNumberLen <hostCert#2>","hacksclusive.com/199.60.103.16","443","INFO","16","",""
"cert_fingerprintSHA1 <hostCert#2>","hacksclusive.com/199.60.103.16","443","INFO","6C3E187B53A9FAFB79361D6D319E40EB7FBCDDDB","",""
"cert_fingerprintSHA256 <hostCert#2>","hacksclusive.com/199.60.103.16","443","INFO","4BEFFF2D595247268374D1A5E67F20A6F46A4292E0E76CBD02F59276A1EB95A1","",""
"cert <hostCert#2>","hacksclusive.com/199.60.103.16","443","INFO","-----BEGIN CERTIFICATE-----\nMIIDnzCCA0SgAwIBAgIRAL4DJiiTOE5RE02yLA/xd2gwCgYIKoZIzj0EAwIwOzELMAkGA1UEBhMCVVMxHjAcBgNVBAoTFUdvb2dsZSBUcnVzdCBTZXJ2aWNlczEMMAoGA1UEAxMDV0UxMB4XDTI1MDMwNTA5MDI0OFoXDTI1MDYwMzEwMDI0NVowGzEZMBcGA1UEAxMQaGFja3NjbHVzaXZlLmNvbTBZMBMGByqGSM49AgEGCCqGSM49AwEHA0IABK3L0GpsmgAvyoSu/N2lMVhDThjJ9Mv/odPigWflWLMCCnWgAYh1gffqgNyxe5J4ZPTUfkvFATaq3Zb9MpvsD9ejggJHMIICQzAOBgNVHQ8BAf8EBAMCB4AwEwYDVR0lBAwwCgYIKwYBBQUHAwEwDAYDVR0TAQH/BAIwADAdBgNVHQ4EFgQUDWaNCWWY3O36y7YUmKEZxDMc+wUwHwYDVR0jBBgwFoAUkHeSNWfE/6jMqeZ72YB5e8yT+TgwXgYIKwYBBQUHAQEEUjBQMCcGCCsGAQUFBzABhhtodHRwOi8vby5wa2kuZ29vZy9zL3dlMS92Z00wJQYIKwYBBQUHMAKGGWh0dHA6Ly9pLnBraS5nb29nL3dlMS5jcnQwGwYDVR0RBBQwEoIQaGFja3NjbHVzaXZlLmNvbTATBgNVHSAEDDAKMAgGBmeBDAECATA2BgNVHR8ELzAtMCugKaAnhiVodHRwOi8vYy5wa2kuZ29vZy93ZTEvcHllb1hsUVBGNEUuY3JsMIIBAgYKKwYBBAHWeQIEAgSB8wSB8ADuAHUAzxFW7tUufK/zh1vZaS6b6RpxZ0qwF+ysAdJbd87MOwgAAAGVZcIDRgAABAMARjBEAiBPIy6oz8J0sDiuISo+dn80sHltq1CaySm++lRWeVB5ewIgJ+OzAeDIAY7TszcnV5P1NDB+oynwC29Cvl5X7toihDcAdQCi4wrkRe+9rZt+OO1HZ3dT14JbhJTXK14bLMS5UKRH5wAAAZVlwgcHAAAEAwBGMEQCIFGgHKdfVMOFJoTTirHCH6EkNb/59Ggyy+8ayX6Q89uMAiADtJ92xIVq543DREj+yJ4ERUmggQPbm7Pw2s2OEkxh3jAKBggqhkjOPQQDAgNJADBGAiEAgrH+blcemDu0nLm7HsxJeUzd7EZFDvAt4ToTNZ6E6FcCIQC/4Cq8t0xROnDRnpYZ7QXvQcbbDfim6ZU23rOsc2T46Q==\n-----END CERTIFICATE-----","",""
"cert_commonName <hostCert#2>","hacksclusive.com/199.60.103.16","443","OK","hacksclusive.com","",""
"cert_commonName_wo_SNI <hostCert#2>","hacksclusive.com/199.60.103.16","443","INFO","request w/o SNI didn't succeed, usual for EC certificates","",""
"cert_subjectAltName <hostCert#2>","hacksclusive.com/199.60.103.16","443","INFO","hacksclusive.com","",""
"cert_trust <hostCert#2>","hacksclusive.com/199.60.103.16","443","OK","Ok via SAN and CN (SNI mandatory)","",""
"cert_chain_of_trust <hostCert#2>","hacksclusive.com/199.60.103.16","443","OK","passed.","",""
"cert_certificatePolicies_EV <hostCert#2>","hacksclusive.com/199.60.103.16","443","INFO","no","",""
"cert_expirationStatus <hostCert#2>","hacksclusive.com/199.60.103.16","443","OK","62 >= 60 days","",""
"cert_notBefore <hostCert#2>","hacksclusive.com/199.60.103.16","443","INFO","2025-03-05 09:02","",""
"cert_notAfter <hostCert#2>","hacksclusive.com/199.60.103.16","443","OK","2025-06-03 10:02","",""
"cert_extlifeSpan <hostCert#2>","hacksclusive.com/199.60.103.16","443","OK","certificate has no extended life time according to browser forum","",""
"cert_eTLS <hostCert#2>","hacksclusive.com/199.60.103.16","443","INFO","not present","",""
"cert_crlDistributionPoints <hostCert#2>","hacksclusive.com/199.60.103.16","443","INFO","http://c.pki.goog/we1/pyeoXlQPF4E.crl","",""
"cert_ocspURL <hostCert#2>","hacksclusive.com/199.60.103.16","443","INFO","http://o.pki.goog/s/we1/vgM","",""
"OCSP_stapling <hostCert#2>","hacksclusive.com/199.60.103.16","443","OK","offered","",""
"cert_ocspRevoked <hostCert#2>","hacksclusive.com/199.60.103.16","443","OK","not revoked","",""
"cert_mustStapleExtension <hostCert#2>","hacksclusive.com/199.60.103.16","443","INFO","--","",""
"DNS_CAArecord <hostCert#2>","hacksclusive.com/199.60.103.16","443","LOW","--","",""
"certificate_transparency <hostCert#2>","hacksclusive.com/199.60.103.16","443","OK","yes (certificate extension)","",""
"certs_countServer <hostCert#2>","hacksclusive.com/199.60.103.16","443","INFO","3","",""
"certs_list_ordering_problem <hostCert#2>","hacksclusive.com/199.60.103.16","443","INFO","no","",""
"cert_caIssuers <hostCert#2>","hacksclusive.com/199.60.103.16","443","INFO","WE1 (Google Trust Services from US)","",""
"intermediate_cert <#1> <hostCert#2>","hacksclusive.com/199.60.103.16","443","INFO","-----BEGIN CERTIFICATE-----\nMIICnzCCAiWgAwIBAgIQf/MZd5csIkp2FV0TttaF4zAKBggqhkjOPQQDAzBHMQswCQYDVQQGEwJVUzEiMCAGA1UEChMZR29vZ2xlIFRydXN0IFNlcnZpY2VzIExMQzEUMBIGA1UEAxMLR1RTIFJvb3QgUjQwHhcNMjMxMjEzMDkwMDAwWhcNMjkwMjIwMTQwMDAwWjA7MQswCQYDVQQGEwJVUzEeMBwGA1UEChMVR29vZ2xlIFRydXN0IFNlcnZpY2VzMQwwCgYDVQQDEwNXRTEwWTATBgcqhkjOPQIBBggqhkjOPQMBBwNCAARvzTr+Z1dHTCEDhUDCR127WEcPQMFcF4XGGTfn1XzthkubgdnXGhOlCgP4mMTG6J7/EFmPLCaY9eYmJbsPAvpWo4H+MIH7MA4GA1UdDwEB/wQEAwIBhjAdBgNVHSUEFjAUBggrBgEFBQcDAQYIKwYBBQUHAwIwEgYDVR0TAQH/BAgwBgEB/wIBADAdBgNVHQ4EFgQUkHeSNWfE/6jMqeZ72YB5e8yT+TgwHwYDVR0jBBgwFoAUgEzW63T/STaj1dj8tT7FavCUHYwwNAYIKwYBBQUHAQEEKDAmMCQGCCsGAQUFBzAChhhodHRwOi8vaS5wa2kuZ29vZy9yNC5jcnQwKwYDVR0fBCQwIjAgoB6gHIYaaHR0cDovL2MucGtpLmdvb2cvci9yNC5jcmwwEwYDVR0gBAwwCjAIBgZngQwBAgEwCgYIKoZIzj0EAwMDaAAwZQIxAOcCq1HW90OVznX+0RGU1cxAQXomvtgM8zItPZCuFQ8jSBJSjz5keROv9aYsAm5VsQIwJonMaAFi54mrfhfoFNZEfuNMSQ6/bIBiNLiyoX46FohQvKeIoJ99cx7sUkFN7uJW\n-----END CERTIFICATE-----","",""
"intermediate_cert_fingerprintSHA256 <#1> <hostCert#2>","hacksclusive.com/199.60.103.16","443","INFO","1DFC1605FBAD358D8BC844F76D15203FAC9CA5C1A79FD4857FFAF2864FBEBF96","",""
"intermediate_cert_notBefore <#1> <hostCert#2>","hacksclusive.com/199.60.103.16","443","INFO","2023-12-13 09:00","",""
"intermediate_cert_notAfter <#1> <hostCert#2>","hacksclusive.com/199.60.103.16","443","OK","2029-02-20 14:00","",""
"intermediate_cert_expiration <#1> <hostCert#2>","hacksclusive.com/199.60.103.16","443","OK","ok > 40 days","",""
"intermediate_cert_chain <#1> <hostCert#2>","hacksclusive.com/199.60.103.16","443","INFO","WE1 <-- GTS Root R4","",""
"intermediate_cert <#2> <hostCert#2>","hacksclusive.com/199.60.103.16","443","INFO","-----BEGIN CERTIFICATE-----\nMIIDejCCAmKgAwIBAgIQf+UwvzMTQ77dghYQST2KGzANBgkqhkiG9w0BAQsFADBXMQswCQYDVQQGEwJCRTEZMBcGA1UEChMQR2xvYmFsU2lnbiBudi1zYTEQMA4GA1UECxMHUm9vdCBDQTEbMBkGA1UEAxMSR2xvYmFsU2lnbiBSb290IENBMB4XDTIzMTExNTAzNDMyMVoXDTI4MDEyODAwMDA0MlowRzELMAkGA1UEBhMCVVMxIjAgBgNVBAoTGUdvb2dsZSBUcnVzdCBTZXJ2aWNlcyBMTEMxFDASBgNVBAMTC0dUUyBSb290IFI0MHYwEAYHKoZIzj0CAQYFK4EEACIDYgAE83Rzp2iLYK5DuDXFgTB7S0md+8FhzubeRr1r1WEYNa5A3XP3iZEwWus87oV8okB2O6nGuEfYKueSkWpz6bFyOZ8pn6KY019eWIZlD6GEZQbR3IvJx3PIjGov5cSr0R2Ko4H/MIH8MA4GA1UdDwEB/wQEAwIBhjAdBgNVHSUEFjAUBggrBgEFBQcDAQYIKwYBBQUHAwIwDwYDVR0TAQH/BAUwAwEB/zAdBgNVHQ4EFgQUgEzW63T/STaj1dj8tT7FavCUHYwwHwYDVR0jBBgwFoAUYHtmGkUNl8qJUC99BM00qP/8/UswNgYIKwYBBQUHAQEEKjAoMCYGCCsGAQUFBzAChhpodHRwOi8vaS5wa2kuZ29vZy9nc3IxLmNydDAtBgNVHR8EJjAkMCKgIKAehhxodHRwOi8vYy5wa2kuZ29vZy9yL2dzcjEuY3JsMBMGA1UdIAQMMAowCAYGZ4EMAQIBMA0GCSqGSIb3DQEBCwUAA4IBAQAYQrsPBtYDh5bjP2OBDwmkoWhIDDkic574y04tfzHpn+cJodI2D4SseesQ6bDrarZ7C30ddLibZatoKiws3UL9xnELz4ct92vID24FfVbiI1hY+SW6FoVHkNeWIP0GCbaM4C6uVdF5dTUsMVs/ZbzNnIdCp5Gxmx5ejvEau8otR/CskGN+hr/W5GvT1tMBjgWKZ1i4//emhA1JG1BbPzoLJQvyEotc03lXjTaCzv8mEbep8RqZ7a2CPsgRbuvTPBwcOMBBmuFeU88+FSBX6+7iP0il8b4Z0QFqIwwMHfs/L6K1vepuoxtGzi4CZ68zJpiq1UvSqTbFJjtbD4seiMHl\n-----END CERTIFICATE-----","",""
"intermediate_cert_fingerprintSHA256 <#2> <hostCert#2>","hacksclusive.com/199.60.103.16","443","INFO","76B27B80A58027DC3CF1DA68DAC17010ED93997D0B603E2FADBE85012493B5A7","",""
"intermediate_cert_notBefore <#2> <hostCert#2>","hacksclusive.com/199.60.103.16","443","INFO","2023-11-15 03:43","",""
"intermediate_cert_notAfter <#2> <hostCert#2>","hacksclusive.com/199.60.103.16","443","OK","2028-01-28 00:00","",""
"intermediate_cert_expiration <#2> <hostCert#2>","hacksclusive.com/199.60.103.16","443","OK","ok > 40 days","",""
"intermediate_cert_chain <#2> <hostCert#2>","hacksclusive.com/199.60.103.16","443","INFO","GTS Root R4 <-- GlobalSign Root CA","",""
"intermediate_cert_badOCSP <hostCert#2>","hacksclusive.com/199.60.103.16","443","OK","intermediate certificate(s) is/are ok","",""
"HTTP_status_code","hacksclusive.com/199.60.103.16","443","INFO","200 OK ('/')","",""
"HTTP_clock_skew","hacksclusive.com/199.60.103.16","443","INFO","-1 seconds from localtime","",""
"HTTP_headerTime","hacksclusive.com/199.60.103.16","443","INFO","1743506803","",""
"ipv4_in_header","hacksclusive.com/199.60.103.16","443","MEDIUM","Set-Cookie: __cf_bm=tjWDXXEnDVlOPI6zKt74YEQSNbpGCUPd2FcARrWjLnY-1743506803-1.0.1.1-llU8_lAYuPg_TWjE41LcisMwbZrS1KDO041vkQFMW23j3Qt6blSJ9ullG_HUE8QFxW.2yoQTPrsJgwpn4Ou_jgln1ZAdT5jwqjGtMsTlwTg; path=/; expires=Tue, 01-Apr-25 11:56:43 GMT; domain=.hacksclusive.com; HttpOnly; Secure; SameSite=None (check if it's your IP address or e.g. a cluster IP)","","CWE-212"
"ipv4_in_header","hacksclusive.com/199.60.103.16","443","MEDIUM","Set-Cookie: _cfuvid=.CKGZWuUvGJkUAb9KE495me.Zp_QTtKlezso43vr3RM-1743506803685-0.0.1.1-604800000; path=/; domain=.hacksclusive.com; HttpOnly; Secure; SameSite=None","","CWE-212"
"HSTS_time","hacksclusive.com/199.60.103.16","443","OK","365 days (=31536000 seconds) > 15552000 seconds","",""
"HSTS_subdomains","hacksclusive.com/199.60.103.16","443","INFO","only for this domain","",""
"HSTS_preload","hacksclusive.com/199.60.103.16","443","INFO","domain is NOT marked for preloading","",""
"HPKP","hacksclusive.com/199.60.103.16","443","INFO","No support for HTTP Public Key Pinning","",""
"banner_server","hacksclusive.com/199.60.103.16","443","INFO","cloudflare","",""
"banner_application","hacksclusive.com/199.60.103.16","443","INFO","No application banner found","",""
"cookie_count","hacksclusive.com/199.60.103.16","443","INFO","2 at '/'","",""
"cookie_secure","hacksclusive.com/199.60.103.16","443","OK","All (2) at '/' marked as secure","",""
"cookie_httponly","hacksclusive.com/199.60.103.16","443","OK","All (2) at '/' marked as HttpOnly","",""
"X-Frame-Options","hacksclusive.com/199.60.103.16","443","OK","deny","",""
"X-Content-Type-Options","hacksclusive.com/199.60.103.16","443","OK","nosniff","",""
"Content-Security-Policy","hacksclusive.com/199.60.103.16","443","OK","upgrade-insecure-requests","",""
"X-XSS-Protection","hacksclusive.com/199.60.103.16","443","INFO","1","",""
"Referrer-Policy","hacksclusive.com/199.60.103.16","443","INFO","no-referrer-when-downgrade","",""
"Cache-Control","hacksclusive.com/199.60.103.16","443","INFO","s-maxage=10800, max-age=0","",""
"banner_reverseproxy","hacksclusive.com/199.60.103.16","443","INFO","--","","CWE-200"
"heartbleed","hacksclusive.com/199.60.103.16","443","OK","not vulnerable, no heartbeat extension","CVE-2014-0160","CWE-119"
"CCS","hacksclusive.com/199.60.103.16","443","OK","not vulnerable","CVE-2014-0224","CWE-310"
"ticketbleed","hacksclusive.com/199.60.103.16","443","OK","not vulnerable","CVE-2016-9244","CWE-200"
"ROBOT","hacksclusive.com/199.60.103.16","443","OK","not vulnerable","CVE-2017-17382 CVE-2017-17427 CVE-2017-17428 CVE-2017-13098 CVE-2017-1000385 CVE-2017-13099 CVE-2016-6883 CVE-2012-5081 CVE-2017-6168","CWE-203"
"secure_renego","hacksclusive.com/199.60.103.16","443","OK","supported","","CWE-310"
"secure_client_renego","hacksclusive.com/199.60.103.16","443","OK","not vulnerable","CVE-2011-1473","CWE-310"
"CRIME_TLS","hacksclusive.com/199.60.103.16","443","OK","not vulnerable","CVE-2012-4929","CWE-310"
"BREACH","hacksclusive.com/199.60.103.16","443","MEDIUM","potentially VULNERABLE, br gzip HTTP compression detected  - only supplied '/' tested","CVE-2013-3587","CWE-310"
"POODLE_SSL","hacksclusive.com/199.60.103.16","443","OK","not vulnerable, no SSLv3","CVE-2014-3566","CWE-310"
"fallback_SCSV","hacksclusive.com/199.60.103.16","443","OK","no protocol below TLS 1.2 offered","",""
"SWEET32","hacksclusive.com/199.60.103.16","443","OK","not vulnerable","CVE-2016-2183 CVE-2016-6329","CWE-327"
"FREAK","hacksclusive.com/199.60.103.16","443","OK","not vulnerable","CVE-2015-0204","CWE-310"
"DROWN","hacksclusive.com/199.60.103.16","443","OK","not vulnerable on this host and port","CVE-2016-0800 CVE-2016-0703","CWE-310"
"DROWN_hint","hacksclusive.com/199.60.103.16","443","INFO","Make sure you don't use this certificate elsewhere with SSLv2 enabled services, see https://search.censys.io/search?resource=hosts&virtual_hosts=INCLUDE&q=C2B4442CA02A0AB3982E9D7E38EA57EED8CA68924BF9A3F3653C4B5AD3572915","CVE-2016-0800 CVE-2016-0703","CWE-310"
"LOGJAM","hacksclusive.com/199.60.103.16","443","OK","not vulnerable, no DH EXPORT ciphers,","CVE-2015-4000","CWE-310"
"LOGJAM-common_primes","hacksclusive.com/199.60.103.16","443","OK","no DH key with <= TLS 1.2","CVE-2015-4000","CWE-310"
"BEAST","hacksclusive.com/199.60.103.16","443","OK","not vulnerable, no SSL3 or TLS1","CVE-2011-3389","CWE-20"
"LUCKY13","hacksclusive.com/199.60.103.16","443","LOW","potentially vulnerable, uses TLS CBC ciphers","CVE-2013-0169","CWE-310"
"winshock","hacksclusive.com/199.60.103.16","443","OK","not vulnerable","CVE-2014-6321","CWE-94"
"RC4","hacksclusive.com/199.60.103.16","443","OK","not vulnerable","CVE-2013-2566 CVE-2015-2808","CWE-310"
"clientsimulation-android_60","hacksclusive.com/199.60.103.16","443","INFO","TLSv1.2 ECDHE-ECDSA-AES128-GCM-SHA256","",""
"clientsimulation-android_70","hacksclusive.com/199.60.103.16","443","INFO","TLSv1.2 ECDHE-ECDSA-AES128-GCM-SHA256","",""
"clientsimulation-android_81","hacksclusive.com/199.60.103.16","443","INFO","TLSv1.2 ECDHE-ECDSA-AES128-GCM-SHA256","",""
"clientsimulation-android_90","hacksclusive.com/199.60.103.16","443","INFO","TLSv1.3 TLS_AES_128_GCM_SHA256","",""
"clientsimulation-android_X","hacksclusive.com/199.60.103.16","443","INFO","TLSv1.3 TLS_AES_128_GCM_SHA256","",""
"clientsimulation-android_11","hacksclusive.com/199.60.103.16","443","INFO","TLSv1.3 TLS_AES_128_GCM_SHA256","",""
"clientsimulation-android_12","hacksclusive.com/199.60.103.16","443","INFO","TLSv1.3 TLS_AES_128_GCM_SHA256","",""
"clientsimulation-chrome_79_win10","hacksclusive.com/199.60.103.16","443","INFO","TLSv1.3 TLS_AES_128_GCM_SHA256","",""
"clientsimulation-chrome_101_win10","hacksclusive.com/199.60.103.16","443","INFO","TLSv1.3 TLS_AES_128_GCM_SHA256","",""
"clientsimulation-firefox_66_win81","hacksclusive.com/199.60.103.16","443","INFO","TLSv1.3 TLS_AES_128_GCM_SHA256","",""
"clientsimulation-firefox_100_win10","hacksclusive.com/199.60.103.16","443","INFO","TLSv1.3 TLS_AES_128_GCM_SHA256","",""
"clientsimulation-ie_6_xp","hacksclusive.com/199.60.103.16","443","INFO","No connection","",""
"clientsimulation-ie_8_win7","hacksclusive.com/199.60.103.16","443","INFO","No connection","",""
"clientsimulation-ie_8_xp","hacksclusive.com/199.60.103.16","443","INFO","No connection","",""
"clientsimulation-ie_11_win7","hacksclusive.com/199.60.103.16","443","INFO","TLSv1.2 ECDHE-ECDSA-AES128-GCM-SHA256","",""
"clientsimulation-ie_11_win81","hacksclusive.com/199.60.103.16","443","INFO","TLSv1.2 ECDHE-ECDSA-AES128-GCM-SHA256","",""
"clientsimulation-ie_11_winphone81","hacksclusive.com/199.60.103.16","443","INFO","TLSv1.2 ECDHE-ECDSA-AES128-GCM-SHA256","",""
"clientsimulation-ie_11_win10","hacksclusive.com/199.60.103.16","443","INFO","TLSv1.2 ECDHE-ECDSA-AES128-GCM-SHA256","",""
"clientsimulation-edge_15_win10","hacksclusive.com/199.60.103.16","443","INFO","TLSv1.2 ECDHE-ECDSA-AES128-GCM-SHA256","",""
"clientsimulation-edge_101_win10_21h2","hacksclusive.com/199.60.103.16","443","INFO","TLSv1.3 TLS_AES_128_GCM_SHA256","",""
"clientsimulation-safari_121_ios_122","hacksclusive.com/199.60.103.16","443","INFO","TLSv1.3 TLS_CHACHA20_POLY1305_SHA256","",""
"clientsimulation-safari_130_osx_10146","hacksclusive.com/199.60.103.16","443","INFO","TLSv1.3 TLS_CHACHA20_POLY1305_SHA256","",""
"clientsimulation-safari_154_osx_1231","hacksclusive.com/199.60.103.16","443","INFO","TLSv1.3 TLS_AES_128_GCM_SHA256","",""
"clientsimulation-java_7u25","hacksclusive.com/199.60.103.16","443","INFO","No connection","",""
"clientsimulation-java_8u161","hacksclusive.com/199.60.103.16","443","INFO","TLSv1.2 ECDHE-ECDSA-AES128-GCM-SHA256","",""
"clientsimulation-java1102","hacksclusive.com/199.60.103.16","443","INFO","TLSv1.3 TLS_AES_128_GCM_SHA256","",""
"clientsimulation-java1703","hacksclusive.com/199.60.103.16","443","INFO","TLSv1.3 TLS_AES_256_GCM_SHA384","",""
"clientsimulation-go_1178","hacksclusive.com/199.60.103.16","443","INFO","TLSv1.3 TLS_AES_128_GCM_SHA256","",""
"clientsimulation-libressl_283","hacksclusive.com/199.60.103.16","443","INFO","TLSv1.2 ECDHE-ECDSA-CHACHA20-POLY1305","",""
"clientsimulation-openssl_102e","hacksclusive.com/199.60.103.16","443","INFO","TLSv1.2 ECDHE-ECDSA-AES128-GCM-SHA256","",""
"clientsimulation-openssl_110l","hacksclusive.com/199.60.103.16","443","INFO","TLSv1.2 ECDHE-ECDSA-CHACHA20-POLY1305","",""
"clientsimulation-openssl_111d","hacksclusive.com/199.60.103.16","443","INFO","TLSv1.3 TLS_AES_256_GCM_SHA384","",""
"clientsimulation-openssl_303","hacksclusive.com/199.60.103.16","443","INFO","TLSv1.3 TLS_AES_256_GCM_SHA384","",""
"clientsimulation-apple_mail_16_0","hacksclusive.com/199.60.103.16","443","INFO","TLSv1.2 ECDHE-ECDSA-AES128-GCM-SHA256","",""
"clientsimulation-thunderbird_91_9","hacksclusive.com/199.60.103.16","443","INFO","TLSv1.3 TLS_AES_128_GCM_SHA256","",""
"rating_spec","hacksclusive.com/199.60.103.16","443","INFO","SSL Labs's 'SSL Server Rating Guide' (version 2009q from 2020-01-30)","",""
"rating_doc","hacksclusive.com/199.60.103.16","443","INFO","https://github.com/ssllabs/research/wiki/SSL-Server-Rating-Guide","",""
"protocol_support_score","hacksclusive.com/199.60.103.16","443","INFO","100","",""
"protocol_support_score_weighted","hacksclusive.com/199.60.103.16","443","INFO","30","",""
"key_exchange_score","hacksclusive.com/199.60.103.16","443","INFO","90","",""
"key_exchange_score_weighted","hacksclusive.com/199.60.103.16","443","INFO","27","",""
"cipher_strength_score","hacksclusive.com/199.60.103.16","443","INFO","90","",""
"cipher_strength_score_weighted","hacksclusive.com/199.60.103.16","443","INFO","36","",""
"final_score","hacksclusive.com/199.60.103.16","443","INFO","93","",""
"overall_grade","hacksclusive.com/199.60.103.16","443","OK","A+","",""
